,time,temperature,humidity
0,1575000854.754605,12.366666666666667,51.2
1,1575000917.347511,11.366666666666667,53.333333333333336
2,1575000979.950596,11.0,54.4
3,1575001042.5597892,10.533333333333333,55.233333333333334
4,1575001105.1640198,10.0,55.86666666666667
5,1575001167.766533,10.0,56.733333333333334
6,1575001230.370114,9.666666666666666,57.6
7,1575001292.971395,9.0,58.7
8,1575001355.570049,9.0,59.766666666666666
9,1575001418.145832,9.0,60.7
10,1575001480.7345278,8.6,61.63333333333333
11,1575001543.328291,8.033333333333333,62.0
12,1575001605.923425,8.0,62.0
13,1575001668.52216,8.0,62.53333333333333
14,1575001731.120425,8.0,63.96666666666667
15,1575001793.712148,8.0,64.0
16,1575001856.299319,8.0,64.0
17,1575001918.8877661,7.466666666666667,64.73333333333333
18,1575001981.478785,7.0,65.53333333333333
19,1575002044.072733,7.0,66.0
20,1575002106.664809,7.0,66.06666666666666
21,1575002169.262418,7.0,66.96666666666667
22,1575002231.856822,7.0,66.3
23,1575002294.4532151,7.0,67.0
24,1575002357.047833,7.0,67.13333333333334
25,1575002419.643803,7.0,68.0
26,1575002482.2359462,7.0,68.0
27,1575002544.825844,7.0,68.0
28,1575002607.418711,6.966666666666667,68.06666666666666
29,1575002670.0076768,7.0,68.8
30,1575002732.6005971,7.0,68.4
31,1575002795.193682,6.5,69.0
32,1575002857.785793,6.1,69.0
33,1575002920.374907,6.0,69.0
34,1575002982.96899,6.0,69.96666666666667
35,1575003045.563988,6.0,70.0
36,1575003108.156513,6.0,69.96666666666667
37,1575003170.749321,6.033333333333333,69.1
38,1575003233.342043,6.066666666666666,69.0
39,1575003295.93185,6.0,69.7
40,1575003358.524689,6.0,70.0
41,1575003421.117178,6.0,70.0
42,1575003483.709776,6.0,70.0
43,1575003546.302783,6.0,70.66666666666667
44,1575003608.896118,6.0,71.0
45,1575003671.488123,6.0,71.0
46,1575003734.079784,6.0,71.0
47,1575003796.672589,6.0,71.0
48,1575003859.26595,6.0,71.83333333333333
49,1575003921.864308,6.0,71.1
50,1575003984.52004,6.0,71.13333333333334
51,1575004047.143202,6.0,71.0
52,1575004109.757799,6.0,71.0
53,1575004172.3600788,6.0,70.46666666666667
54,1575004234.8835359,6.0,70.0
55,1575004297.4460769,6.0,70.0
56,1575004360.02283,6.0,70.0
57,1575004422.609739,6.0,69.53333333333333
58,1575004485.276095,6.0,69.0
59,1575004547.907881,6.0,69.0
60,1575004610.5186038,6.0,69.0
61,1575004673.126347,6.0,69.0
62,1575004735.650925,6.0,69.76666666666667
63,1575004798.204814,6.0,70.0
64,1575004860.782507,6.0,70.0
65,1575004923.366427,6.0,70.0
66,1575004986.032861,6.0,70.0
67,1575005048.679091,5.933333333333334,70.3
68,1575005111.2957132,5.133333333333334,71.0
69,1575005173.90683,5.033333333333333,71.0
70,1575005236.50251,5.0,71.26666666666667
71,1575005299.087425,5.0,71.13333333333334
72,1575005361.68051,5.0,71.4
73,1575005424.278185,5.0,71.26666666666667
74,1575005486.8737972,5.0,71.0
75,1575005549.4741962,5.733333333333333,70.93333333333334
76,1575005612.075015,5.033333333333333,70.96666666666667
77,1575005674.67996,5.0,71.0
78,1575005737.258944,5.0,71.0
79,1575005799.829315,5.0,71.36666666666666
80,1575005862.409207,5.0,71.26666666666667
81,1575005924.9946551,5.0,71.0
82,1575005987.585574,5.0,71.0
83,1575006050.178366,5.0,70.2
84,1575006112.77222,5.033333333333333,70.0
85,1575006175.36343,5.566666666666666,70.0
86,1575006237.959116,5.466666666666667,69.53333333333333
87,1575006300.551767,5.0,70.0
88,1575006363.146715,5.0,70.6
89,1575006425.743772,5.0,70.96666666666667
90,1575006488.3403358,5.0,71.0
91,1575006550.936892,5.0,70.7
92,1575006613.532418,5.0,70.9
93,1575006676.1294131,5.0,71.0
94,1575006738.72619,5.0,70.56666666666666
95,1575006801.325298,5.0,70.1
96,1575006863.921842,5.0,70.4
97,1575006926.515724,5.0,71.0
98,1575006989.111259,5.0,70.43333333333334
99,1575007051.707923,5.0,70.76666666666667
100,1575007114.303983,5.0,70.03333333333333
101,1575007176.8978481,5.0,70.3
102,1575007239.493267,5.0,71.0
103,1575007302.0860472,5.0,70.06666666666666
104,1575007364.683027,5.0,70.0
105,1575007427.278206,5.0,69.9
106,1575007489.8742142,5.0,70.06666666666666
107,1575007552.46718,5.0,71.0
108,1575007615.0670161,5.0,71.0
109,1575007677.6639519,5.0,71.0
110,1575007740.263977,5.0,71.0
111,1575007802.86029,5.0,71.06666666666666
112,1575007865.4564269,5.0,71.83333333333333
113,1575007928.049025,5.0,72.0
114,1575007990.642122,5.0,71.86666666666666
115,1575008053.2378929,5.0,71.66666666666667
116,1575008115.830542,4.266666666666667,71.4
117,1575008178.426204,4.333333333333333,72.0
118,1575008241.019332,4.566666666666666,71.56666666666666
119,1575008303.611057,4.7,71.7
120,1575008366.203812,4.033333333333333,71.63333333333334
121,1575008428.796431,4.0,71.93333333333334
122,1575008491.3890052,4.033333333333333,71.03333333333333
123,1575008553.984345,4.0,71.4
124,1575008616.578107,4.0,72.0
125,1575008679.169773,4.1,71.23333333333333
126,1575008741.762949,4.066666666666666,71.06666666666666
127,1575008804.358978,4.0,71.56666666666666
128,1575008866.951334,4.0,71.33333333333333
129,1575008929.5438,4.0,71.0
130,1575008992.139844,4.233333333333333,70.93333333333334
131,1575009054.733601,4.0,70.9
132,1575009117.329281,4.033333333333333,71.16666666666667
133,1575009179.925632,4.233333333333333,70.73333333333333
134,1575009242.518855,4.266666666666667,70.5
135,1575009305.110739,4.0,70.76666666666667
136,1575009367.702389,4.0,71.4
137,1575009430.2951689,4.0,71.96666666666667
138,1575009492.885585,4.0,71.2
139,1575009555.479158,4.0,71.6
140,1575009618.069465,4.1,71.43333333333334
141,1575009680.659122,5.0,71.3
142,1575009743.253393,4.633333333333334,70.8
143,1575009805.844326,4.066666666666666,70.86666666666666
144,1575009868.438313,4.733333333333333,71.3
145,1575009931.0287411,4.1,71.1
146,1575009993.622924,4.033333333333333,71.03333333333333
147,1575010056.214931,4.0,71.43333333333334
148,1575010118.809791,4.0,72.0
149,1575010181.400625,4.0,72.36666666666666
150,1575010243.991792,4.0,72.9
151,1575010306.5834231,4.0,72.93333333333334
152,1575010369.175761,4.0,73.0
153,1575010431.768554,4.0,73.0
154,1575010494.3583949,4.0,72.36666666666666
155,1575010556.949373,4.0,72.0
156,1575010619.541456,4.0,72.0
157,1575010682.1326869,4.0,72.0
158,1575010744.724326,4.0,72.0
159,1575010807.3164241,4.0,71.53333333333333
160,1575010869.91061,4.0,71.0
161,1575010932.5040839,4.0,71.8
162,1575010995.0960789,4.0,72.0
163,1575011057.6873689,4.0,71.03333333333333
164,1575011120.2836869,4.0,71.43333333333334
165,1575011182.8782911,4.0,71.96666666666667
166,1575011245.470717,4.0,71.23333333333333
167,1575011308.065799,4.0,71.0
168,1575011370.658965,4.0,71.26666666666667
169,1575011433.246881,4.0,72.0
170,1575011495.832582,4.0,72.0
171,1575011558.41806,4.0,72.0
172,1575011621.0061789,4.0,71.9
173,1575011683.594087,4.0,71.96666666666667
174,1575011746.183575,4.0,72.03333333333333
175,1575011808.768385,4.0,72.0
176,1575011871.357683,4.0,72.23333333333333
177,1575011933.9427972,4.0,72.03333333333333
178,1575011996.531879,4.0,72.0
179,1575012059.125742,4.0,72.0
180,1575012121.709232,4.0,71.96666666666667
181,1575012184.299308,4.0,72.0
182,1575012246.8886962,4.0,72.0
183,1575012309.4797401,4.0,71.73333333333333
184,1575012372.070472,4.0,71.8
185,1575012434.659601,4.0,72.0
186,1575012497.251041,4.0,72.0
187,1575012559.83792,4.0,71.43333333333334
188,1575012622.4294028,4.0,71.0
189,1575012685.023139,4.0,71.26666666666667
190,1575012747.613983,4.0,71.0
191,1575012810.209234,4.0,71.0
192,1575012872.803981,4.0,71.0
193,1575012935.395723,4.0,71.0
194,1575012997.990849,4.0,71.1
195,1575013060.581034,4.0,71.0
196,1575013123.172914,4.0,71.0
197,1575013185.767701,4.0,71.06666666666666
198,1575013248.359112,4.0,71.0
199,1575013310.949837,4.0,71.0
200,1575013373.545149,4.0,71.0
201,1575013436.139462,4.0,71.0
202,1575013498.7315311,4.0,71.0
203,1575013561.32623,4.0,71.3
204,1575013623.918064,4.0,70.9
205,1575013686.511558,4.0,70.23333333333333
206,1575013749.102517,4.0,71.0
207,1575013811.694428,4.0,70.53333333333333
208,1575013874.288903,4.0,70.0
209,1575013936.880182,4.0,70.06666666666666
210,1575013999.474494,4.0,71.0
211,1575014062.069491,4.0,71.0
212,1575014124.664547,4.0,71.0
213,1575014187.257278,4.0,71.0
214,1575014249.852454,4.0,71.0
215,1575014312.4474618,4.0,71.0
216,1575014375.0422802,4.0,71.0
217,1575014437.637732,4.0,71.0
218,1575014500.232701,4.0,70.4
219,1575014562.824394,4.0,70.53333333333333
220,1575014625.419323,4.0,70.0
221,1575014688.009915,4.0,70.0
222,1575014750.60601,4.0,70.03333333333333
223,1575014813.199461,4.0,70.96666666666667
224,1575014875.792361,4.0,72.0
225,1575014938.383491,4.0,71.93333333333334
226,1575015000.966966,3.933333333333333,72.0
227,1575015063.556993,3.966666666666667,72.0
228,1575015126.1433141,4.0,71.9
229,1575015188.731981,4.0,71.5
230,1575015251.322187,4.0,71.63333333333334
231,1575015313.9140348,4.0,71.56666666666666
232,1575015376.508001,4.0,71.96666666666667
233,1575015439.096569,3.1666666666666665,72.76666666666667
234,1575015501.6913831,3.0,73.0
235,1575015564.289602,3.5,73.0
236,1575015626.884139,4.0,73.0
237,1575015689.479049,4.0,72.8
238,1575015752.071828,4.0,72.3
239,1575015814.6626608,4.0,72.0
240,1575015877.255252,4.0,72.0
241,1575015939.845887,4.0,72.0
242,1575016002.437318,4.0,72.0
243,1575016065.026884,4.0,72.0
244,1575016127.6167119,4.0,72.0
245,1575016190.2069411,3.9,72.0
246,1575016252.795726,3.6333333333333333,72.13333333333334
247,1575016315.3875608,3.033333333333333,72.3
248,1575016377.983335,3.3666666666666667,72.13333333333334
249,1575016440.572916,3.966666666666667,72.0
250,1575016503.1609368,3.1333333333333333,72.0
251,1575016565.7528288,3.3,72.43333333333334
252,1575016628.345024,4.0,72.46666666666667
253,1575016690.9369268,4.0,71.46666666666667
254,1575016753.529905,4.0,71.56666666666666
255,1575016816.120047,4.0,71.43333333333334
256,1575016878.712509,4.0,70.93333333333334
257,1575016941.305565,4.0,70.0
258,1575017003.89964,4.0,70.36666666666666
259,1575017066.491987,3.2,71.7
260,1575017129.084478,3.0,72.36666666666666
261,1575017191.677282,3.0,73.0
262,1575017254.2721698,3.0,73.0
263,1575017317.641963,3.0,73.0
264,1575017379.464297,3.0,72.6
265,1575017442.0549119,3.0,72.0
266,1575017504.646675,3.1,72.0
267,1575017567.2377071,3.933333333333333,71.13333333333334
268,1575017629.82806,3.066666666666667,71.16666666666667
269,1575017692.422809,3.533333333333333,71.83333333333333
270,1575017755.013459,3.966666666666667,71.06666666666666
271,1575017817.6049368,3.433333333333333,71.23333333333333
272,1575017880.1963868,3.0,72.0
273,1575017942.7883382,3.0,72.93333333333334
274,1575018005.3804991,3.0,72.16666666666667
275,1575018067.974019,3.0,71.96666666666667
276,1575018130.5651631,3.3,71.63333333333334
277,1575018193.1561651,3.0,72.0
278,1575018255.748443,3.0,72.5
279,1575018318.340208,3.0,73.0
280,1575018380.933882,3.0,73.0
281,1575018443.529193,3.0,73.0
282,1575018506.121463,3.0,72.46666666666667
283,1575018568.713156,3.0,72.66666666666667
284,1575018631.304736,3.0,73.0
285,1575018693.900063,3.0,72.93333333333334
286,1575018756.494932,3.0,72.23333333333333
287,1575018819.086793,3.0,72.0
288,1575018881.678105,3.0,72.5
289,1575018944.273661,3.0,73.0
290,1575019006.865107,3.0,72.9
291,1575019069.4608731,3.0,73.0
292,1575019132.052335,3.0,72.9
293,1575019194.6478071,3.0,72.13333333333334
294,1575019257.244577,3.0,72.0
295,1575019319.833596,3.0,72.0
296,1575019382.4264472,3.0,72.0
297,1575019445.017128,3.0,72.0
298,1575019507.609074,3.0,72.8
299,1575019570.206811,3.0,72.93333333333334
300,1575019632.803876,3.0,72.26666666666667
301,1575019695.401972,3.0,72.0
302,1575019757.996108,3.0,72.43333333333334
303,1575019820.589739,3.0,73.2
304,1575019883.1830971,3.0,74.0
305,1575019945.777067,3.0,74.0
306,1575020008.369428,3.0,74.0
307,1575020070.961659,3.0,73.53333333333333
308,1575020133.555263,3.0,73.0
309,1575020196.150532,3.0,72.96666666666667
310,1575020258.7445722,3.0,72.86666666666666
311,1575020321.3400369,3.0,73.0
312,1575020383.9362972,3.0,72.96666666666667
313,1575020446.5297608,3.0,73.0
314,1575020509.1266189,3.0,72.36666666666666
315,1575020571.718488,3.0,72.0
316,1575020634.314057,3.0,72.7
317,1575020696.906074,3.0,72.3
318,1575020759.502469,3.0,72.1
319,1575020822.095304,3.0,72.63333333333334
320,1575020884.689538,3.0,73.0
321,1575020947.2825642,3.0,72.96666666666667
322,1575021009.875524,3.0,73.0
323,1575021072.470891,3.0,72.83333333333333
324,1575021135.063284,3.0,72.83333333333333
325,1575021197.657576,3.0,72.83333333333333
326,1575021260.251164,3.0,73.0
327,1575021322.841879,3.0,73.16666666666667
328,1575021385.4341779,3.0,73.0
329,1575021448.029263,3.0,72.4
330,1575021510.622498,3.0,72.0
331,1575021573.213961,3.0,72.0
332,1575021635.8049,3.0,72.13333333333334
333,1575021698.393738,3.0,72.6
334,1575021760.984317,3.0,72.2
335,1575021823.574191,3.0,72.0
336,1575021886.1643882,3.0,72.0
337,1575021948.7559571,3.0,72.03333333333333
338,1575022011.346466,3.0,72.23333333333333
339,1575022073.940167,3.0,72.0
340,1575022136.528511,3.0,72.0
341,1575022199.11875,3.0,72.0
342,1575022261.708949,3.0,71.8
343,1575022324.3008099,3.0,72.0
344,1575022386.8923721,3.0,72.06666666666666
345,1575022449.486272,3.0,72.0
346,1575022512.077744,3.0,72.03333333333333
347,1575022574.669338,3.0,72.63333333333334
348,1575022637.265007,3.0,73.0
349,1575022699.8576221,3.0,73.73333333333333
350,1575022762.448024,3.0,74.0
351,1575022825.038939,3.0,73.33333333333333
352,1575022887.630977,3.0,71.76666666666667
353,1575022950.2260132,3.0,72.0
354,1575023012.817375,3.0,72.0
355,1575023075.409636,3.0,72.0
356,1575023138.00052,3.0,72.0
357,1575023200.593163,3.0,72.2
358,1575023263.183709,3.0,73.0
359,1575023325.778293,3.0,73.0
360,1575023388.370496,3.0,73.0
361,1575023450.965017,3.0,73.0
362,1575023513.557777,3.0,73.0
363,1575023576.149133,3.0,73.0
364,1575023638.7451,3.0,73.0
365,1575023701.331123,3.0,73.0
366,1575023763.92223,3.0,72.13333333333334
367,1575023826.510397,3.0,72.0
368,1575023889.100058,3.0,72.7
369,1575023951.691053,3.0,73.0
370,1575024014.2802029,3.0,73.53333333333333
371,1575024076.870238,3.0,73.56666666666666
372,1575024139.459337,3.0,73.06666666666666
373,1575024202.349471,3.0,73.06666666666666
374,1575024264.63851,3.0,72.33333333333333
375,1575024327.227319,3.0,71.33333333333333
376,1575024389.818316,3.0,72.5
377,1575024452.41234,3.0,73.53333333333333
378,1575024515.006268,3.0,74.0
379,1575024577.595884,3.0,74.0
380,1575024640.186312,3.0,73.23333333333333
381,1575024702.777828,3.0,73.0
382,1575024765.368211,3.0,73.26666666666667
383,1575024827.962696,3.0,74.0
384,1575024890.55479,3.0,73.4
385,1575024953.147754,3.0,73.0
386,1575025015.742947,3.0,73.6
387,1575025078.334409,3.0,74.16666666666667
388,1575025140.9284449,3.0,73.63333333333334
389,1575025203.519375,3.0,73.03333333333333
390,1575025266.110018,3.0,73.0
391,1575025328.701064,3.0,73.0
392,1575025391.292665,3.0,73.0
393,1575025453.883274,3.0,72.0
394,1575025516.47424,3.0,72.6
395,1575025579.064325,3.0,73.86666666666666
396,1575025641.655562,3.0,72.8
397,1575025704.247459,3.0,72.2
398,1575025766.837932,3.0,72.0
399,1575025829.428659,3.0,72.33333333333333
400,1575025892.019078,3.0,73.0
401,1575025954.6140358,3.0,73.23333333333333
402,1575026017.207647,3.0,74.0
403,1575026079.7971551,3.0,73.5
404,1575026142.389426,3.0,73.16666666666667
405,1575026204.982808,3.0,73.26666666666667
406,1575026267.5779471,3.0,73.0
407,1575026330.169549,3.0,73.46666666666667
408,1575026392.763686,3.0,74.0
409,1575026455.3543198,3.0,74.0
410,1575026517.946017,3.0,74.0
411,1575026580.538001,3.0,73.7
412,1575026643.131336,3.0,73.0
413,1575026705.726369,3.0,73.0
414,1575026768.325036,3.0,73.0
415,1575026830.923312,3.0,73.06666666666666
416,1575026893.522002,3.0,73.13333333333334
417,1575026956.121104,3.0,73.66666666666667
418,1575027018.715141,3.0,74.0
419,1575027081.310013,3.0,74.0
420,1575027143.903633,3.0,73.8
421,1575027206.50081,3.0,74.0
422,1575027269.095833,3.0,74.0
423,1575027331.691952,3.0,74.0
424,1575027394.28646,3.0,74.0
425,1575027456.881685,3.0,74.0
426,1575027519.475551,3.0,74.03333333333333
427,1575027582.0713859,3.0,74.46666666666667
428,1575027644.664136,3.0,75.0
429,1575027707.2597039,2.933333333333333,75.0
430,1575027769.852825,2.033333333333333,75.06666666666666
431,1575027832.449515,2.0,75.26666666666667
432,1575027895.0418448,2.0,75.26666666666667
433,1575027957.63401,2.0,76.1
434,1575028020.227641,2.0,76.36666666666666
435,1575028082.819517,2.0,75.7
436,1575028145.414933,2.0,75.0
437,1575028208.007431,2.0,75.3
438,1575028270.601642,2.0,75.3
439,1575028333.193954,2.0,75.46666666666667
440,1575028395.7877212,2.0,74.6
441,1575028458.3792279,2.0,74.03333333333333
442,1575028520.971205,2.0,74.06666666666666
443,1575028583.562492,2.0,74.83333333333333
444,1575028646.155571,2.0,75.0
445,1575028708.750201,2.0,75.5
446,1575028771.3388028,2.0,75.56666666666666
447,1575028833.922723,2.0,75.0
448,1575028896.5072231,2.0,75.0
449,1575028959.095025,2.1,75.0
450,1575029021.680536,2.7666666666666666,75.0
451,1575029084.269566,3.0,74.1
452,1575029146.8574471,3.0,74.0
453,1575029209.4443278,3.0,73.46666666666667
454,1575029272.035797,3.0,73.0
455,1575029334.623618,3.0,73.0
456,1575029397.2152052,2.6,73.2
457,1575029459.800243,2.0,74.0
458,1575029522.389262,2.0,73.3
459,1575029584.978627,2.0,73.8
460,1575029647.566488,2.2,74.43333333333334
461,1575029710.156965,3.0,73.36666666666666
462,1575029772.7491221,2.8333333333333335,73.13333333333334
463,1575029835.3350651,2.0,74.6
464,1575029899.373563,2.2666666666666666,74.66666666666667
465,1575029960.518786,2.2,74.6
466,1575030023.108422,2.0,75.2
467,1575030085.702874,2.0,76.0
468,1575030148.2926528,2.0,76.0
469,1575030210.883446,2.0,76.0
470,1575030273.4727368,2.0,76.03333333333333
471,1575030336.062669,2.0,76.0
472,1575030398.653438,2.0,76.1
473,1575030461.241372,2.0,76.46666666666667
474,1575030523.8319118,2.0,76.8
475,1575030586.422193,2.0,76.43333333333334
476,1575030649.0124302,2.0,77.0
477,1575030711.602533,2.0,76.56666666666666
478,1575030774.196551,2.0,76.83333333333333
479,1575030836.794085,2.0,77.0
480,1575030899.394506,2.0,77.03333333333333
481,1575030961.996246,2.0,77.5
482,1575031024.595877,2.0,77.0
483,1575031087.193994,2.0,77.0
484,1575031149.7923071,2.0,77.0
485,1575031212.391192,2.0,77.0
486,1575031274.988708,2.0,77.0
487,1575031337.584815,2.0,77.0
488,1575031400.1840858,2.0,77.0
489,1575031462.779355,2.0,76.3
490,1575031525.374465,2.0,76.56666666666666
491,1575031587.971811,2.0,76.53333333333333
492,1575031650.5669188,2.0,77.0
493,1575031713.164174,2.0,76.9
494,1575031775.75979,2.0,76.33333333333333
495,1575031838.354901,2.0,76.0
496,1575031900.949002,2.0,76.0
497,1575031963.543731,2.0,76.0
498,1575032026.139778,2.0,76.0
499,1575032088.732699,2.0,75.46666666666667
500,1575032151.3257608,2.0,75.9
501,1575032213.919647,2.0,75.13333333333334
502,1575032276.5145109,2.0,75.26666666666667
503,1575032339.108142,2.0,74.63333333333334
504,1575032401.701609,2.566666666666667,74.2
505,1575032464.292788,2.1,74.0
506,1575032526.888578,2.033333333333333,74.4
507,1575032589.4811962,2.0,75.0
508,1575032652.073926,2.066666666666667,75.0
509,1575032714.670488,2.2,74.36666666666666
510,1575032777.262548,2.0,75.0
511,1575032839.8584769,2.0,75.23333333333333
512,1575032902.444765,2.0,76.0
513,1575032965.0303679,2.0,75.8
514,1575033027.617201,2.0,75.66666666666667
515,1575033090.2072241,2.0,75.76666666666667
516,1575033152.79402,2.0,75.13333333333334
517,1575033215.384758,2.0,75.0
518,1575033277.9742131,2.0,75.0
519,1575033340.57803,2.0,75.0
520,1575033403.15448,2.0,75.1
521,1575033465.743702,2.0,75.03333333333333
522,1575033528.3360689,2.0,75.0
523,1575033590.929345,2.0,74.8
524,1575033653.5201118,2.0,74.33333333333333
525,1575033716.10868,2.0,74.0
526,1575033778.697592,2.0,74.0
527,1575033841.28932,2.0,74.0
528,1575033903.879124,2.066666666666667,74.0
529,1575033966.468961,2.466666666666667,74.0
530,1575034029.061598,2.0,74.23333333333333
531,1575034091.6528301,2.0,75.0
532,1575034154.243286,2.0,74.76666666666667
533,1575034216.833901,2.0,74.83333333333333
534,1575034279.4277241,2.0,75.76666666666667
535,1575034342.015223,2.0,76.0
536,1575034404.604528,2.0,76.0
537,1575034467.194592,2.0,76.0
538,1575034529.782083,2.0,75.43333333333334
539,1575034592.373659,2.0,75.0
540,1575034654.966849,2.0,75.4
541,1575034717.557892,2.0,75.96666666666667
542,1575034780.1446009,2.0,76.0
543,1575034842.7357788,2.0,76.0
544,1575034905.326685,2.0,76.26666666666667
545,1575034967.915319,2.0,76.4
546,1575035030.505109,2.0,76.66666666666667
547,1575035093.09763,2.0,76.46666666666667
548,1575035155.690623,2.0,76.0
549,1575035218.281297,2.0,76.1
550,1575035280.867843,2.0,76.03333333333333
551,1575035343.459481,2.0,76.0
552,1575035406.051598,2.0,76.0
553,1575035468.640087,2.0,75.33333333333333
554,1575035531.232228,2.0,75.9
555,1575035593.823321,2.0,75.73333333333333
556,1575035656.415004,2.0,75.0
557,1575035719.007148,2.0,75.0
558,1575035781.594824,2.0,74.5
559,1575035844.187358,2.0,74.96666666666667
560,1575035906.781102,2.0,75.5
561,1575035969.373486,2.0,75.96666666666667
562,1575036031.964015,2.0,76.03333333333333
563,1575036094.552827,2.0,75.76666666666667
564,1575036157.143866,2.0,75.8
565,1575036219.734535,2.0,75.23333333333333
566,1575036282.325152,2.0,75.03333333333333
567,1575036344.916349,2.0,75.03333333333333
568,1575036407.506336,2.0,75.2
569,1575036470.099568,2.0,75.33333333333333
570,1575036532.6902778,2.0,75.13333333333334
571,1575036595.282259,2.0,75.13333333333334
572,1575036657.873245,2.0,75.03333333333333
573,1575036720.4652581,2.0,75.0
574,1575036783.056447,2.0,74.9
575,1575036845.647321,2.0,74.9
576,1575036908.2383661,2.0,74.83333333333333
577,1575036970.830914,2.0,74.0
578,1575037033.424203,2.0,74.0
579,1575037096.014224,2.0,74.0
580,1575037158.6083949,2.0,73.73333333333333
581,1575037221.201293,2.0,74.03333333333333
582,1575037283.793804,2.0,73.8
583,1575037346.3824039,2.0,73.66666666666667
584,1575037408.974861,2.0,74.0
585,1575037471.566968,2.0,74.63333333333334
586,1575037534.1591961,2.0,74.66666666666667
587,1575037596.7518241,2.0,74.0
588,1575037659.340659,2.0,74.33333333333333
589,1575037721.936438,2.0,74.33333333333333
590,1575037784.528034,2.0,74.3
591,1575037847.121056,2.0,74.03333333333333
592,1575037909.708927,2.0,74.16666666666667
593,1575037972.300774,1.9333333333333333,75.06666666666666
594,1575038034.892453,1.6666666666666667,75.1
595,1575038097.484031,1.8333333333333333,75.53333333333333
596,1575038160.074815,1.8333333333333333,75.83333333333333
597,1575038222.6669462,2.0,75.6
598,1575038285.255266,1.7666666666666666,75.33333333333333
599,1575038347.8462641,1.8666666666666667,75.66666666666667
600,1575038410.437696,1.8,75.06666666666666
601,1575038473.02645,1.7666666666666666,75.2
602,1575038535.6172302,1.9,75.26666666666667
603,1575038598.2087722,1.9666666666666666,75.13333333333334
604,1575038660.800104,2.0,75.13333333333334
605,1575038723.391208,1.9,75.23333333333333
606,1575038785.979992,1.9666666666666666,75.2
607,1575038848.570532,2.0,75.0
608,1575038911.166343,1.6333333333333333,74.93333333333334
609,1575038973.757446,1.0666666666666667,75.03333333333333
610,1575039036.350568,1.4333333333333333,75.43333333333334
611,1575039098.9427528,1.9333333333333333,75.93333333333334
612,1575039161.533609,1.6,75.7
613,1575039224.126581,1.0,75.3
614,1575039286.71913,1.0,75.1
615,1575039349.310482,1.0,75.8
616,1575039411.9021,1.6666666666666667,75.83333333333333
617,1575039474.49078,2.0,75.13333333333334
618,1575039537.08632,2.0,75.0
619,1575039599.677675,1.6666666666666667,75.26666666666667
620,1575039662.267194,2.0,74.93333333333334
621,1575039724.8618538,1.9666666666666666,75.43333333333334
622,1575039787.450324,1.1,75.4
623,1575039850.0425,1.0,75.8
624,1575039912.637463,1.0,76.4
625,1575039975.224834,1.0,76.4
626,1575040037.8200948,1.0,76.4
627,1575040100.411602,1.0,76.83333333333333
628,1575040163.00419,1.0,77.4
629,1575040225.595193,1.0,77.16666666666667
630,1575040288.187323,1.0,76.56666666666666
631,1575040350.779383,1.0,76.56666666666666
632,1575040413.370962,1.0,76.96666666666667
633,1575040475.966145,1.0,77.2
634,1575040538.558709,1.0,77.5
635,1575040601.145638,1.0,77.4
636,1575040663.737257,1.0,78.36666666666666
637,1575040726.329427,1.0,78.9
638,1575040788.920134,1.0,78.83333333333333
639,1575040851.511506,1.0,78.46666666666667
640,1575040914.1026359,1.0,78.13333333333334
641,1575040976.692204,1.0,77.63333333333334
642,1575041039.283253,1.0,77.5
643,1575041101.875468,1.0,77.13333333333334
644,1575041164.4717631,1.0,76.63333333333334
645,1575041227.064285,1.6,76.56666666666666
646,1575041289.656499,1.1666666666666667,75.66666666666667
647,1575041352.249161,1.1333333333333333,75.93333333333334
648,1575041414.8408132,1.0333333333333334,75.33333333333333
649,1575041477.433263,1.2333333333333334,75.86666666666666
650,1575041540.026438,1.9,76.16666666666667
651,1575041602.617422,2.0,76.1
652,1575041665.209879,2.0,76.2
653,1575041727.797434,2.0,76.16666666666667
654,1575041790.389901,2.0,76.0
655,1575041852.977246,2.0,76.0
656,1575041915.5694392,1.4666666666666666,76.1
657,1575041978.160355,1.2333333333333334,76.1
658,1575042040.7531278,1.8666666666666667,76.86666666666666
659,1575042103.3451529,1.9666666666666666,76.73333333333333
660,1575042165.937534,2.0,76.73333333333333
661,1575042228.529136,1.6666666666666667,76.46666666666667
662,1575042291.1200302,1.9,76.9
663,1575042353.7118108,2.0,76.13333333333334
664,1575042416.299804,2.0,76.0
665,1575042478.887269,2.0,76.06666666666666
666,1575042541.478981,2.0,76.13333333333334
667,1575042604.0671382,2.0,76.13333333333334
668,1575042666.658781,2.0,76.56666666666666
669,1575042729.246561,2.0,76.93333333333334
670,1575042791.8385901,2.0,76.96666666666667
671,1575042854.430048,2.0,76.43333333333334
672,1575042917.0176609,2.0,76.0
673,1575042979.610275,2.0,75.26666666666667
674,1575043042.198145,2.0,75.46666666666667
675,1575043104.78765,2.0,75.16666666666667
676,1575043167.3721151,2.0,75.0
677,1575043229.961025,2.0,74.86666666666666
678,1575043292.54744,2.0,75.0
679,1575043355.133708,2.0,75.0
680,1575043417.724384,2.0,75.0
681,1575043480.312044,2.0,74.66666666666667
682,1575043542.900356,2.0,74.7
683,1575043605.488328,2.0,74.5
684,1575043668.0779939,2.0,75.0
685,1575043730.665577,2.433333333333333,74.43333333333334
686,1575043793.258354,2.8333333333333335,74.0
687,1575043855.8440552,2.533333333333333,74.03333333333333
688,1575043918.437844,2.0,75.0
689,1575043981.0248349,2.0,75.8
690,1575044043.617519,2.0,76.0
691,1575044106.206134,2.0,76.0
692,1575044168.796228,2.0,75.7
693,1575044231.386513,2.0,75.6
694,1575044293.977857,2.0,75.9
695,1575044356.569445,2.933333333333333,75.66666666666667
696,1575044419.15727,2.6333333333333333,75.0
697,1575044481.7484848,2.533333333333333,75.0
698,1575044544.3420131,2.9,75.0
699,1575044606.932595,3.0,75.0
700,1575044669.523016,2.2666666666666666,75.0
701,1575044732.114783,2.0,75.8
702,1575044794.705517,2.0,76.0
703,1575044857.296067,2.7666666666666666,75.96666666666667
704,1575044919.886568,3.0,75.53333333333333
705,1575044982.476894,3.0,75.0
706,1575045045.071158,3.0,75.0
707,1575045107.662716,3.0,75.0
708,1575045170.255745,3.0,74.8
709,1575045232.8516471,3.0,75.0
710,1575045295.445976,3.0,75.0
711,1575045358.0392141,3.0,74.83333333333333
712,1575045420.635118,3.0,74.96666666666667
713,1575045483.2293131,3.0,75.0
714,1575045545.822755,3.0,75.0
715,1575045608.417383,3.0,74.33333333333333
716,1575045671.010242,3.0,74.86666666666666
717,1575045733.6036,3.0,75.83333333333333
718,1575045796.198216,3.0,76.0
719,1575045858.789632,3.0,76.0
720,1575045921.3795369,3.0,75.7
721,1575045983.970664,3.0,76.13333333333334
722,1575046046.563083,3.0,77.0
723,1575046109.1532981,3.0,76.6
724,1575046171.745239,3.0,76.1
725,1575046234.333223,3.0,76.5
726,1575046296.924887,3.0,76.03333333333333
727,1575046359.512331,2.433333333333333,77.03333333333333
728,1575046422.103886,2.066666666666667,77.83333333333333
729,1575046484.694527,3.0,77.06666666666666
730,1575046547.286975,2.3666666666666667,77.23333333333333
731,1575046609.877143,2.566666666666667,78.0
732,1575046672.469324,2.3,78.0
733,1575046735.06026,2.2,78.0
734,1575046797.6522179,3.0,78.0
735,1575046860.242939,3.0,78.0
736,1575046922.834348,2.1333333333333333,78.26666666666667
737,1575046985.426245,2.0,79.0
738,1575047048.017886,2.0,79.0
739,1575047110.612221,2.4,79.0
740,1575047173.20431,3.0,78.63333333333334
741,1575047235.7971358,3.0,78.36666666666666
742,1575047298.390259,3.0,78.03333333333333
743,1575047360.986019,3.0,78.0
744,1575047423.579531,3.0,78.2
745,1575047486.170826,3.0,78.7
746,1575047548.7637491,2.533333333333333,79.03333333333333
747,1575047611.355993,2.5,80.0
748,1575047673.9465868,3.0,79.13333333333334
749,1575047736.539482,3.0,79.56666666666666
750,1575047799.1315632,3.0,78.86666666666666
751,1575047861.727218,3.0,78.0
752,1575047924.319725,3.0,78.0
753,1575047986.911093,3.0,78.8
754,1575048049.50423,3.0,79.0
755,1575048112.098547,3.0,79.03333333333333
756,1575048174.690633,3.0,79.46666666666667
757,1575048237.2821949,3.0,79.83333333333333
758,1575048299.8704429,3.0,79.73333333333333
759,1575048362.4610028,3.0,79.93333333333334
760,1575048425.052957,3.0,79.06666666666666
761,1575048487.645279,3.0,79.0
762,1575048550.239802,3.0,79.0
763,1575048612.83519,3.0,79.0
764,1575048675.431901,3.0,79.0
765,1575048738.026604,3.0,78.9
766,1575048800.622731,3.0,78.03333333333333
767,1575048863.215076,3.0,78.03333333333333
768,1575048925.809807,3.0,78.0
769,1575048988.4022028,3.033333333333333,78.0
770,1575049050.997793,3.066666666666667,78.0
771,1575049113.592555,4.0,78.0
772,1575049176.179874,4.0,77.33333333333333
773,1575049238.770698,3.433333333333333,77.06666666666666
774,1575049301.3644679,3.0,77.83333333333333
775,1575049363.956788,3.0,78.0
776,1575049426.5537,3.466666666666667,78.0
777,1575049489.145715,4.0,77.4
778,1575049551.737984,4.0,77.73333333333333
779,1575049614.326441,4.0,77.0
780,1575049676.922023,4.0,77.0
781,1575049739.514341,4.0,76.9
782,1575049802.107616,4.0,76.36666666666666
783,1575049864.702032,4.0,76.0
784,1575049927.295218,4.0,76.0
785,1575049989.887554,4.0,75.4
786,1575050052.4829369,4.0,75.06666666666666
787,1575050115.075156,4.0,75.0
788,1575050177.670387,4.233333333333333,75.23333333333333
789,1575050240.262243,4.7,75.7
790,1575050302.857009,4.566666666666666,75.56666666666666
791,1575050365.44596,5.0,76.0
792,1575050428.0374901,5.0,75.1
793,1575050490.629523,5.0,75.0
794,1575050553.2262561,5.0,75.0
795,1575050615.818428,5.0,75.0
796,1575050678.4165,5.0,74.86666666666666
797,1575050741.012448,5.0,74.0
798,1575050803.605257,5.0,74.0
799,1575050866.201515,5.033333333333333,73.9
800,1575050928.797043,5.333333333333333,73.8
801,1575050991.3890278,5.266666666666667,73.7
802,1575051053.9838212,5.066666666666666,74.0
803,1575051116.576416,5.0,73.8
804,1575051179.171873,5.166666666666667,73.0
805,1575051241.767562,5.866666666666666,73.16666666666667
806,1575051304.3583212,6.0,73.0
807,1575051366.947702,6.0,73.0
808,1575051429.538426,6.0,72.46666666666667
809,1575051492.129316,6.0,72.66666666666667
810,1575051554.719239,6.0,73.0
811,1575051617.310714,6.0,73.0
812,1575051679.9015,6.0,73.0
813,1575051742.4947948,6.0,72.43333333333334
814,1575051805.087289,6.0,72.0
815,1575051867.677066,6.0,72.1
816,1575051930.268666,6.0,72.9
817,1575051992.859843,6.0,73.0
818,1575052055.450552,6.0,73.0
819,1575052118.04193,6.0,73.0
820,1575052180.636565,6.0,73.0
821,1575052243.227813,6.0,73.0
822,1575052305.8197038,6.0,73.0
823,1575052368.414183,6.0,72.36666666666666
824,1575052431.006349,6.0,72.43333333333334
825,1575052493.597765,6.0,73.0
826,1575052556.1918552,6.0,73.0
827,1575052618.783743,6.0,73.0
828,1575052681.3793051,6.0,73.0
829,1575052743.973573,6.0,72.1
830,1575052806.567039,6.0,72.23333333333333
831,1575052869.162217,6.0,72.0
832,1575052931.755926,6.0,72.8
833,1575052994.349712,6.066666666666666,72.9
834,1575053056.944594,6.933333333333334,72.0
835,1575053119.5349278,7.0,72.0
836,1575053182.127448,7.0,71.83333333333333
837,1575053244.718077,7.0,72.1
838,1575053307.313469,7.0,72.0
839,1575053369.904355,7.0,72.0
840,1575053432.493575,7.0,72.0
841,1575053495.0842938,7.0,71.83333333333333
842,1575053557.674044,7.0,71.03333333333333
843,1575053620.268419,7.0,71.0
844,1575053682.862834,7.0,70.6
845,1575053745.4566789,7.0,70.43333333333334
846,1575053808.048773,7.0,71.0
847,1575053870.6428711,7.0,71.0
848,1575053933.241937,7.0,71.0
849,1575053995.836361,7.0,71.0
850,1575054058.435036,7.0,71.0
851,1575054121.028691,7.0,71.0
852,1575054183.625717,7.0,70.33333333333333
853,1575054246.223659,7.0,70.0
854,1575054308.819967,7.0,70.0
855,1575054371.415472,7.0,70.0
856,1575054434.010505,7.0,70.0
857,1575054496.606117,7.0,70.0
858,1575054559.200793,7.033333333333333,69.76666666666667
859,1575054621.795746,7.366666666666666,69.06666666666666
860,1575054684.390668,7.233333333333333,69.0
861,1575054746.986438,7.9,69.0
862,1575054809.577277,8.0,69.0
863,1575054872.169332,8.0,68.56666666666666
864,1575054934.764101,8.0,68.63333333333334
865,1575054997.3551419,8.0,68.0
866,1575055059.950278,8.0,68.0
867,1575055122.5411,8.0,68.0
868,1575055185.135958,8.0,68.0
869,1575055247.727994,8.0,68.0
870,1575055310.319818,8.0,68.0
871,1575055372.9148278,8.0,68.0
872,1575055435.505127,8.0,68.0
873,1575055498.09361,8.0,68.0
874,1575055560.684253,8.0,68.0
875,1575055623.271639,8.0,68.0
876,1575055685.8626359,8.0,68.0
877,1575055748.457447,8.0,67.26666666666667
878,1575055811.050237,8.0,67.0
879,1575055873.6448429,8.0,67.0
880,1575055936.239907,8.0,67.0
881,1575055998.832123,8.0,66.7
882,1575056061.4259222,8.066666666666666,66.0
883,1575056124.018142,8.0,66.23333333333333
884,1575056186.609637,8.033333333333333,66.43333333333334
885,1575056249.201132,8.466666666666667,66.03333333333333
886,1575056311.791795,8.0,66.0
887,1575056374.386847,8.033333333333333,66.03333333333333
888,1575056436.979069,8.4,66.5
889,1575056499.5705,9.0,65.8
890,1575056562.163575,9.0,65.36666666666666
891,1575056624.755643,9.0,65.0
892,1575056687.347077,9.0,65.0
893,1575056749.939595,9.0,65.0
894,1575056812.534509,9.0,65.0
895,1575056875.126749,9.0,64.66666666666667
896,1575056937.7183778,9.0,64.0
897,1575057000.3093019,9.0,64.0
898,1575057062.902062,9.0,64.63333333333334
899,1575057125.494127,9.0,64.76666666666667
900,1575057188.087704,9.0,64.0
901,1575057250.676806,9.0,64.56666666666666
902,1575057313.268955,9.0,65.0
903,1575057375.860208,9.0,65.0
904,1575057438.455733,9.0,65.0
905,1575057501.046693,9.0,65.5
906,1575057563.639022,9.0,64.3
907,1575057626.2299302,9.0,64.0
908,1575057688.82189,9.0,64.7
909,1575057751.41343,9.0,64.0
910,1575057814.00434,9.0,64.0
911,1575057876.595571,9.0,64.0
912,1575057939.187927,9.0,63.03333333333333
913,1575058001.787621,9.0,62.53333333333333
914,1575058064.386811,9.0,62.9
915,1575058126.986052,9.0,62.8
916,1575058189.5865471,9.0,62.13333333333333
917,1575058252.1859279,9.0,62.06666666666667
918,1575058314.785052,9.0,62.0
919,1575058377.384387,9.0,62.0
920,1575058439.984712,9.0,62.0
921,1575058502.581384,9.0,61.4
922,1575058565.181907,9.0,61.56666666666667
923,1575058627.78352,9.0,62.0
924,1575058690.385002,9.0,61.53333333333333
925,1575058752.981984,9.0,61.0
926,1575058815.582018,9.0,61.0
927,1575058878.1783938,9.0,61.0
928,1575058940.778321,9.0,61.0
929,1575059003.378315,9.0,61.0
930,1575059065.976468,9.066666666666666,60.96666666666667
931,1575059128.5759609,9.9,60.2
932,1575059191.171875,9.3,60.3
933,1575059253.772108,9.0,60.8
934,1575059316.368907,9.0,61.0
935,1575059378.968292,9.8,60.333333333333336
936,1575059441.567808,9.966666666666667,59.3
937,1575059504.165205,10.0,59.0
938,1575059566.765181,10.0,59.0
939,1575059629.364407,10.0,59.0
940,1575059691.965119,10.0,58.4
941,1575059754.563935,10.0,57.53333333333333
942,1575059817.164736,10.0,58.0
943,1575059879.760894,10.0,58.3
944,1575059942.359717,10.0,57.86666666666667
945,1575060004.956059,10.0,57.36666666666667
946,1575060067.5552301,10.0,57.2
947,1575060130.1516821,10.0,56.266666666666666
948,1575060192.750699,10.0,56.0
949,1575060255.3480382,10.0,55.96666666666667
950,1575060317.946846,10.0,56.0
951,1575060380.542954,10.0,55.8
952,1575060443.1427732,10.0,55.53333333333333
953,1575060505.738497,10.0,56.0
954,1575060568.336564,10.0,55.36666666666667
955,1575060630.931256,10.0,55.0
956,1575060693.5290911,10.0,54.8
957,1575060756.1284919,10.0,53.36666666666667
958,1575060818.729354,10.0,54.36666666666667
959,1575060881.3282962,10.0,54.53333333333333
960,1575060943.9243789,10.0,53.1
961,1575061006.521775,10.633333333333333,52.93333333333333
962,1575061069.11805,11.0,53.8
963,1575061131.713027,11.0,53.56666666666667
964,1575061194.3116891,11.0,53.0
965,1575061256.9070141,11.0,53.0
966,1575061319.505706,11.0,53.0
967,1575061382.105022,11.0,53.333333333333336
968,1575061444.704058,11.0,53.06666666666667
969,1575061507.300586,11.0,52.06666666666667
970,1575061569.89952,11.0,52.233333333333334
971,1575061632.494812,11.0,51.36666666666667
972,1575061695.093428,11.0,51.0
973,1575061757.689973,11.0,50.7
974,1575061820.289396,11.0,51.0
975,1575061882.885167,11.0,51.733333333333334
976,1575061945.4829562,11.0,51.0
977,1575062008.079927,11.0,51.06666666666667
978,1575062070.6797118,11.0,51.2
979,1575062133.282313,11.0,51.5
980,1575062195.881211,11.0,51.0
981,1575062258.482739,11.0,50.86666666666667
982,1575062321.081165,11.566666666666666,51.5
983,1575062383.676613,12.0,51.8
984,1575062446.271997,11.966666666666667,50.93333333333333
985,1575062508.871205,11.333333333333334,50.333333333333336
986,1575062571.4699779,11.1,50.1
987,1575062634.0691779,11.0,50.0
988,1575062696.665129,11.0,50.0
989,1575062759.263769,11.0,50.0
990,1575062821.8593938,11.433333333333334,50.46666666666667
991,1575062884.45806,12.0,50.166666666666664
992,1575062947.055933,11.266666666666667,49.266666666666666
993,1575063009.652709,11.0,49.0
994,1575063072.24785,11.633333333333333,49.06666666666667
995,1575063134.845751,12.0,49.13333333333333
996,1575063197.445034,12.0,49.56666666666667
997,1575063260.041784,12.0,50.0
998,1575063322.636683,12.0,50.0
999,1575063385.2322052,12.0,50.166666666666664
1000,1575063447.8268301,12.0,51.233333333333334
1001,1575063510.425101,12.0,51.2
1002,1575063573.02233,12.0,51.1
1003,1575063635.62039,12.0,50.96666666666667
1004,1575063698.217456,12.0,51.0
1005,1575063760.816083,12.0,51.03333333333333
1006,1575063823.414889,12.0,51.9
1007,1575063886.0106869,12.0,51.9
1008,1575063948.60621,12.0,51.733333333333334
1009,1575064011.201279,12.0,52.0
1010,1575064073.796596,12.0,52.06666666666667
1011,1575064136.3962991,12.0,52.0
1012,1575064198.991199,12.0,52.0
1013,1575064261.588058,11.966666666666667,51.96666666666667
1014,1575064324.183839,11.0,50.96666666666667
1015,1575064386.786032,11.3,51.3
1016,1575064449.3820279,12.0,52.53333333333333
1017,1575064511.976037,12.0,52.06666666666667
1018,1575064574.571727,11.8,52.2
1019,1575064637.169818,11.333333333333334,52.266666666666666
1020,1575064699.768076,11.0,52.06666666666667
1021,1575064762.370157,11.0,52.0
1022,1575064824.972935,11.0,52.0
1023,1575064887.574898,11.0,52.3
1024,1575064950.177244,11.0,52.46666666666667
1025,1575065012.779211,11.0,52.233333333333334
1026,1575065075.383308,11.0,53.0
1027,1575065137.984618,11.0,53.0
1028,1575065200.5897279,11.0,52.9
1029,1575065263.187338,11.0,52.43333333333333
1030,1575065325.787313,11.0,52.0
1031,1575065388.3845189,11.0,52.233333333333334
1032,1575065450.984425,11.0,53.0
1033,1575065513.582448,11.0,52.96666666666667
1034,1575065576.182866,11.0,53.0
1035,1575065638.782872,11.0,53.0
1036,1575065701.380403,11.0,53.733333333333334
1037,1575065763.9801462,11.0,53.666666666666664
1038,1575065826.579615,11.0,53.63333333333333
1039,1575065889.179818,11.0,53.06666666666667
1040,1575065951.781095,11.0,53.56666666666667
1041,1575066014.381139,11.0,53.0
1042,1575066076.9809039,11.0,53.0
1043,1575066139.581007,11.0,53.2
1044,1575066202.182959,11.0,53.1
1045,1575066264.781785,11.0,53.13333333333333
1046,1575066327.3813212,11.0,53.63333333333333
1047,1575066389.9829009,11.0,53.36666666666667
1048,1575066452.5834289,11.0,53.53333333333333
1049,1575066515.183974,11.0,53.36666666666667
1050,1575066577.787045,11.0,53.0
1051,1575066640.3871632,11.0,53.233333333333334
1052,1575066702.9850118,11.0,53.333333333333336
1053,1575066765.583723,11.0,53.5
1054,1575066828.183019,11.0,53.266666666666666
1055,1575066890.781879,11.0,53.733333333333334
1056,1575066953.383057,11.0,54.0
1057,1575067015.9827142,11.0,54.0
1058,1575067078.585136,11.0,54.0
1059,1575067141.185026,11.0,53.6
1060,1575067203.785183,11.0,52.733333333333334
1061,1575067266.38851,11.0,52.63333333333333
1062,1575067328.991042,11.0,52.166666666666664
1063,1575067391.590312,11.0,51.06666666666667
1064,1575067454.1912038,11.0,51.06666666666667
1065,1575067516.789066,11.0,51.03333333333333
1066,1575067579.388551,11.0,51.0
1067,1575067641.984835,11.0,51.03333333333333
1068,1575067704.585217,11.0,51.46666666666667
1069,1575067767.184426,11.0,52.0
1070,1575067829.782809,11.0,52.0
1071,1575067892.37955,11.0,52.233333333333334
1072,1575067954.979608,11.0,52.0
1073,1575068017.579604,11.0,51.3
1074,1575068080.1798608,11.0,51.333333333333336
1075,1575068142.778517,11.0,51.0
1076,1575068205.378963,11.0,51.3
1077,1575068267.981045,11.0,51.96666666666667
1078,1575068330.581126,11.0,52.0
1079,1575068393.181128,11.0,52.0
1080,1575068455.780936,11.0,52.3
1081,1575068518.380585,11.0,51.4
1082,1575068580.981504,11.0,52.13333333333333
1083,1575068643.577538,11.0,52.0
1084,1575068706.1769109,11.0,52.0
1085,1575068768.76804,11.0,52.0
1086,1575068831.363591,11.0,52.0
1087,1575068893.95564,11.0,52.06666666666667
1088,1575068956.548858,11.0,52.13333333333333
1089,1575069019.145654,11.0,52.733333333333334
1090,1575069081.739831,11.0,53.0
1091,1575069144.337116,11.0,53.0
1092,1575069206.93509,11.0,53.0
1093,1575069269.532436,11.0,53.0
1094,1575069332.127022,11.0,53.0
1095,1575069394.725633,11.0,53.0
1096,1575069457.323478,11.0,52.7
1097,1575069519.921623,11.0,52.93333333333333
1098,1575069582.520072,11.0,53.0
1099,1575069645.11566,11.0,52.86666666666667
1100,1575069707.7139142,11.0,53.0
1101,1575069770.3121269,11.0,52.96666666666667
1102,1575069832.910358,11.0,53.0
1103,1575069895.506364,11.0,53.0
1104,1575069958.106901,11.0,53.0
1105,1575070020.703931,11.0,53.7
1106,1575070083.303236,11.0,53.8
1107,1575070145.902091,11.0,53.53333333333333
1108,1575070208.497624,11.0,53.46666666666667
1109,1575070271.096077,11.0,53.333333333333336
1110,1575070333.691796,11.0,53.2
1111,1575070396.288051,11.0,53.0
1112,1575070458.885237,11.0,53.0
1113,1575070521.481317,11.0,53.9
1114,1575070584.076928,10.8,53.8
1115,1575070646.67162,10.766666666666667,53.766666666666666
1116,1575070709.2668788,10.866666666666667,53.86666666666667
1117,1575070771.861622,10.366666666666667,53.36666666666667
1118,1575070834.454769,10.7,54.06666666666667
1119,1575070897.049223,10.133333333333333,54.0
1120,1575070959.64677,10.233333333333333,53.46666666666667
1121,1575071022.241318,10.666666666666666,54.166666666666664
1122,1575071084.836517,10.8,54.166666666666664
1123,1575071147.4333868,10.666666666666666,54.63333333333333
1124,1575071210.028999,10.8,54.733333333333334
1125,1575071272.626609,10.933333333333334,54.833333333333336
1126,1575071335.221925,10.933333333333334,54.666666666666664
1127,1575071397.8203099,10.6,54.266666666666666
1128,1575071460.414644,10.833333333333334,54.03333333333333
1129,1575071523.012558,10.033333333333333,53.766666666666666
1130,1575071585.607967,10.0,54.0
1131,1575071648.203396,10.0,54.0
1132,1575071710.797991,10.0,54.0
1133,1575071773.397015,10.0,54.0
1134,1575071835.992341,10.0,54.0
1135,1575071898.586863,10.0,54.0
1136,1575071961.184569,10.0,54.0
1137,1575072023.779203,10.0,54.56666666666667
1138,1575072086.3760052,10.0,54.166666666666664
1139,1575072148.973033,10.0,54.0
1140,1575072211.5683892,10.0,54.266666666666666
1141,1575072274.164057,10.0,55.0
1142,1575072336.763953,10.0,55.0
1143,1575072399.365848,10.0,55.0
1144,1575072461.966153,10.0,55.0
1145,1575072524.564209,10.0,55.0
1146,1575072587.166326,10.0,55.0
1147,1575072649.767172,10.0,55.03333333333333
1148,1575072712.365453,10.0,55.13333333333333
1149,1575072774.964606,10.0,55.3
1150,1575072837.5642118,10.0,55.3
1151,1575072900.163295,10.0,55.1
1152,1575072962.764734,10.0,55.0
1153,1575073025.3642778,10.0,55.13333333333333
1154,1575073087.9648151,10.0,55.666666666666664
1155,1575073150.56268,10.0,56.0
1156,1575073213.159274,10.0,56.0
1157,1575073275.7575788,10.0,56.0
1158,1575073338.352259,10.0,55.46666666666667
1159,1575073400.951316,10.0,55.0
1160,1575073463.55446,10.0,55.43333333333333
1161,1575073526.152964,10.0,56.0
1162,1575073588.752285,10.0,56.0
1163,1575073651.3505929,10.0,55.96666666666667
1164,1575073713.9509962,10.0,56.0
1165,1575073776.549811,10.0,55.8
1166,1575073839.1465552,10.0,55.56666666666667
1167,1575073901.749903,10.0,55.0
1168,1575073964.353188,10.0,55.8
1169,1575074026.952513,10.0,56.8
1170,1575074089.558779,10.0,57.0
1171,1575074152.160689,10.0,56.63333333333333
1172,1575074214.7622669,10.0,57.0
1173,1575074277.3636198,10.0,57.0
1174,1575074339.962843,10.0,57.0
1175,1575074402.562825,10.0,57.0
1176,1575074465.164662,10.0,57.0
1177,1575074527.764828,10.0,57.0
1178,1575074590.365166,10.0,57.0
1179,1575074652.966703,10.0,57.0
1180,1575074715.567276,10.0,57.0
1181,1575074778.167054,10.0,57.1
1182,1575074840.767087,10.0,57.2
1183,1575074903.3650491,10.0,57.233333333333334
1184,1575074965.96551,10.0,57.7
1185,1575075028.5638561,10.0,58.0
1186,1575075091.163841,10.0,58.0
1187,1575075153.761775,10.0,58.0
1188,1575075216.361664,10.0,58.06666666666667
1189,1575075278.96103,10.0,59.0
1190,1575075341.561079,10.0,59.0
1191,1575075404.161185,10.0,59.0
1192,1575075466.7615962,10.0,59.0
1193,1575075529.3640401,10.0,59.333333333333336
1194,1575075591.965632,9.833333333333334,60.0
1195,1575075654.561989,9.766666666666667,60.0
1196,1575075717.1602669,10.0,59.8
1197,1575075779.76066,10.0,59.266666666666666
1198,1575075842.360634,10.0,59.96666666666667
1199,1575075904.9591699,10.0,60.0
1200,1575075967.5549679,9.3,60.43333333333333
1201,1575076030.153781,9.633333333333333,60.86666666666667
1202,1575076092.7535,9.133333333333333,61.0
1203,1575076155.352706,9.0,61.0
1204,1575076217.955465,9.0,61.63333333333333
1205,1575076280.55492,9.0,61.43333333333333
1206,1575076343.1549869,9.0,61.0
1207,1575076405.757902,9.0,61.666666666666664
1208,1575076468.356874,9.0,62.0
1209,1575076530.9571972,9.0,61.93333333333333
1210,1575076593.556432,9.0,62.0
1211,1575076656.1563141,9.0,61.96666666666667
1212,1575076718.755423,9.0,62.0
1213,1575076781.354852,9.0,62.0
1214,1575076843.954517,9.0,62.0
1215,1575076906.552949,9.0,62.0
1216,1575076969.150153,9.0,61.733333333333334
1217,1575077031.7522821,9.0,61.93333333333333
1218,1575077094.352973,9.0,62.0
1219,1575077156.952687,9.0,62.0
1220,1575077219.55255,9.0,62.0
1221,1575077282.151826,9.0,62.0
1222,1575077344.7479382,9.0,62.0
1223,1575077407.347552,9.0,62.03333333333333
1224,1575077469.947622,9.0,62.56666666666667
1225,1575077532.546205,9.0,62.1
1226,1575077595.14637,9.0,62.0
1227,1575077657.746276,9.0,62.233333333333334
1228,1575077720.3448482,9.0,62.03333333333333
1229,1575077782.9451618,9.0,62.03333333333333
1230,1575077845.5415199,9.0,62.36666666666667
1231,1575077908.141407,9.0,63.0
1232,1575077970.744185,9.0,63.3
1233,1575078033.346541,9.0,63.0
1234,1575078095.948182,9.0,63.0
1235,1575078158.548511,9.0,62.6
1236,1575078221.15127,9.0,62.1
1237,1575078283.749273,9.0,63.0
1238,1575078346.35,9.0,63.0
1239,1575078408.9507198,9.0,63.0
1240,1575078471.551384,9.0,63.0
1241,1575078534.152825,9.0,63.0
1242,1575078596.7542038,9.0,63.0
1243,1575078659.355017,9.0,63.1
1244,1575078721.956039,9.0,64.0
1245,1575078784.547591,9.0,64.0
1246,1575078847.1397471,9.0,64.0
1247,1575078909.73229,8.733333333333333,64.0
1248,1575078972.320672,8.133333333333333,64.0
1249,1575079034.913411,8.0,64.4
1250,1575079097.505296,8.0,65.0
1251,1575079160.098114,8.0,64.86666666666666
1252,1575079222.689487,8.0,64.16666666666667
1253,1575079285.281157,8.0,64.0
1254,1575079347.8698962,8.0,64.0
1255,1575079410.4604962,8.0,64.0
1256,1575079473.049421,8.0,64.0
1257,1575079535.640302,8.033333333333333,64.0
1258,1575079598.22898,8.0,64.0
1259,1575079660.820141,8.0,64.0
1260,1575079723.409426,8.0,64.0
1261,1575079786.000234,8.0,64.0
1262,1575079848.588648,8.0,64.9
1263,1575079911.1807392,8.0,65.0
1264,1575079973.7769608,8.0,65.0
1265,1575080036.371459,8.0,65.0
1266,1575080098.9661949,8.0,65.0
1267,1575080161.561327,8.0,64.6
1268,1575080224.153203,8.0,64.0
1269,1575080286.748329,8.0,64.0
1270,1575080349.3427038,8.0,64.0
1271,1575080411.937616,8.0,64.0
1272,1575080474.530586,8.0,64.3
1273,1575080537.125014,8.0,65.0
1274,1575080599.7181962,8.0,65.0
1275,1575080662.311565,8.0,65.96666666666667
1276,1575080724.903213,8.0,65.8
1277,1575080787.4980779,8.0,65.0
1278,1575080850.090181,8.0,65.3
1279,1575080912.682618,8.0,65.9
1280,1575080975.273512,8.0,66.0
1281,1575081037.86607,8.0,66.0
1282,1575081100.457184,8.0,66.0
1283,1575081163.052197,8.0,66.0
1284,1575081225.641248,7.966666666666667,66.0
1285,1575081288.231494,8.0,66.0
1286,1575081350.822649,7.866666666666666,66.0
1287,1575081413.414951,7.033333333333333,66.66666666666667
1288,1575081476.0105731,7.066666666666666,67.0
1289,1575081538.610195,7.033333333333333,67.0
1290,1575081601.206644,7.0,67.0
1291,1575081663.8015869,7.0,67.0
1292,1575081726.3976939,7.0,67.0
1293,1575081788.992712,7.0,67.0
1294,1575081851.589233,7.0,67.0
1295,1575081914.184797,7.333333333333333,67.0
1296,1575081976.780129,7.033333333333333,67.0
1297,1575082039.37442,7.0,67.0
1298,1575082101.963692,7.0,67.0
1299,1575082164.55481,7.0,67.0
1300,1575082227.145887,7.066666666666666,67.03333333333333
1301,1575082289.738024,7.2,67.0
1302,1575082352.332177,7.0,67.0
1303,1575082414.924728,7.0,67.23333333333333
1304,1575082477.51901,7.033333333333333,67.0
1305,1575082540.11173,7.0,67.0
1306,1575082602.705133,7.0,67.73333333333333
1307,1575082665.297827,7.0,68.46666666666667
1308,1575082727.89186,7.0,69.0
1309,1575082790.4847221,7.0,69.0
1310,1575082853.075909,7.0,69.0
1311,1575082915.67329,6.933333333333334,69.46666666666667
1312,1575082978.267261,7.0,70.0
1313,1575083040.858396,6.866666666666666,70.0
1314,1575083103.452303,6.333333333333333,70.0
1315,1575083166.045856,6.0,70.0
1316,1575083228.637666,6.0,70.0
1317,1575083291.2318802,6.0,70.0
1318,1575083353.825186,6.833333333333333,70.0
1319,1575083416.417918,6.9,70.0
1320,1575083479.0119631,7.0,70.0
1321,1575083541.607876,6.933333333333334,69.96666666666667
1322,1575083604.201364,6.966666666666667,70.0
1323,1575083666.795658,7.0,69.46666666666667
1324,1575083729.390426,7.0,69.0
1325,1575083791.984868,7.0,69.16666666666667
1326,1575083854.58073,6.833333333333333,69.96666666666667
1327,1575083917.172507,6.966666666666667,69.76666666666667
1328,1575083979.767538,7.0,69.2
1329,1575084042.3612359,7.0,69.16666666666667
1330,1575084104.962599,7.0,69.33333333333333
1331,1575084167.564613,7.0,69.0
1332,1575084230.170614,7.0,69.06666666666666
1333,1575084292.77021,7.0,69.56666666666666
1334,1575084355.370718,6.3,70.53333333333333
1335,1575084417.970093,6.033333333333333,70.06666666666666
1336,1575084480.569115,6.066666666666666,70.0
1337,1575084543.167643,6.266666666666667,70.0
1338,1575084605.7671552,6.0,70.0
1339,1575084668.3651311,6.233333333333333,70.0
1340,1575084730.9622009,6.7,70.0
1341,1575084793.559997,6.7,69.96666666666667
1342,1575084856.157205,6.1,69.96666666666667
1343,1575084918.751425,6.0,70.0
1344,1575084981.349033,6.0,70.0
1345,1575085043.944783,6.0,70.0
1346,1575085106.538171,6.0,70.0
1347,1575085169.134594,6.0,70.0
1348,1575085231.727469,6.0,70.0
1349,1575085294.323141,6.0,70.0
1350,1575085356.917187,6.0,70.0
1351,1575085419.512288,6.0,70.0
1352,1575085482.104903,6.0,70.0
1353,1575085544.700346,6.0,70.0
1354,1575085607.2948198,6.0,70.0
1355,1575085669.886287,6.0,70.0
1356,1575085732.4819689,6.0,70.0
1357,1575085795.078317,6.0,70.0
1358,1575085857.6749449,6.0,70.0
1359,1575085920.2712471,6.0,70.33333333333333
1360,1575085982.867471,6.0,70.0
1361,1575086045.462379,6.0,70.0
1362,1575086108.0583,6.0,70.0
1363,1575086170.6504,6.0,70.03333333333333
1364,1575086233.2440119,6.0,70.96666666666667
1365,1575086295.836383,6.0,71.0
1366,1575086358.429066,6.0,71.0
1367,1575086421.022925,6.0,71.0
1368,1575086483.615707,6.0,71.0
1369,1575086546.2071788,6.0,71.0
1370,1575086608.8010552,6.0,70.13333333333334
1371,1575086671.39515,6.0,70.0
1372,1575086733.9886901,6.0,70.0
1373,1575086796.583164,6.0,70.0
1374,1575086859.178423,6.0,70.0
1375,1575086921.77124,6.0,70.0
1376,1575086984.363706,6.0,70.43333333333334
1377,1575087046.958279,6.0,71.0
1378,1575087109.554087,6.0,71.0
1379,1575087172.1525788,6.0,71.0
1380,1575087234.748352,6.0,71.0
1381,1575087297.342479,6.0,71.0
1382,1575087359.938308,6.0,71.03333333333333
1383,1575087422.533274,6.0,71.13333333333334
1384,1575087485.129328,6.0,71.0
1385,1575087547.7234712,6.0,70.33333333333333
1386,1575087610.318624,6.0,70.0
1387,1575087672.910053,6.0,70.16666666666667
1388,1575087735.502294,6.0,70.0
1389,1575087798.097416,6.0,70.06666666666666
1390,1575087860.691762,6.0,70.6
1391,1575087923.2848759,6.0,71.0
1392,1575087985.878432,6.0,71.0
1393,1575088048.4739618,6.0,71.9
1394,1575088111.067535,5.966666666666667,72.0
1395,1575088173.656881,5.833333333333333,72.0
1396,1575088236.250743,5.966666666666667,72.0
1397,1575088298.8395839,6.0,72.0
1398,1575088361.432506,6.0,71.43333333333334
1399,1575088424.026193,5.766666666666667,72.0
1400,1575088486.617158,5.5,72.0
1401,1575088549.208405,5.933333333333334,71.96666666666667
1402,1575088611.801169,5.633333333333334,71.83333333333333
1403,1575088674.391368,5.1,72.0
1404,1575088736.983442,5.8,72.0
1405,1575088799.573708,5.9,72.0
1406,1575088862.163478,6.0,71.86666666666666
1407,1575088924.757711,6.0,71.8
1408,1575088987.348357,5.966666666666667,72.0
1409,1575089049.940067,6.0,71.16666666666667
1410,1575089112.53477,6.0,71.0
1411,1575089175.129443,5.6,71.23333333333333
1412,1575089237.723827,5.0,72.3
1413,1575089300.3187099,5.0,72.9
1414,1575089362.913724,5.0,72.86666666666666
1415,1575089425.5060349,5.166666666666667,72.0
1416,1575089488.099513,5.8,72.0
1417,1575089550.691406,6.0,71.16666666666667
1418,1575089613.2861538,5.833333333333333,71.73333333333333
1419,1575089675.877402,5.166666666666667,72.0
1420,1575089738.467816,5.0,72.7
1421,1575089801.062775,5.0,73.76666666666667
1422,1575089863.6540868,5.0,74.5
1423,1575089926.248769,5.0,74.0
1424,1575089988.840321,5.0,73.23333333333333
1425,1575090051.434476,5.0,73.0
1426,1575090114.029217,5.0,73.0
1427,1575090176.624671,5.0,73.0
1428,1575090239.230541,5.0,72.3
1429,1575090301.819976,5.0,72.36666666666666
1430,1575090364.415859,5.0,72.0
1431,1575090427.015136,5.0,72.23333333333333
1432,1575090489.610316,5.0,73.0
1433,1575090552.208867,5.0,73.73333333333333
1434,1575090614.804222,5.0,73.06666666666666
1435,1575090677.4015222,5.0,72.96666666666667
1436,1575090739.998842,5.0,72.96666666666667
1437,1575090802.596132,5.0,73.0
1438,1575090865.190068,5.0,72.96666666666667
1439,1575090927.786701,5.0,72.96666666666667
1440,1575090990.384243,5.0,72.53333333333333
1441,1575091052.979614,5.0,72.1
1442,1575091115.574399,5.0,72.03333333333333
1443,1575091178.170028,5.0,72.0
1444,1575091240.767125,5.0,71.83333333333333
1445,1575091303.359083,5.0,72.0
1446,1575091365.954772,5.0,72.26666666666667
1447,1575091428.547285,5.0,73.06666666666666
1448,1575091491.139993,5.0,73.56666666666666
1449,1575091553.73508,5.0,73.0
1450,1575091616.332349,5.0,73.0
1451,1575091678.924298,5.0,73.0
1452,1575091741.5198321,5.0,73.0
1453,1575091804.112326,5.0,73.0
1454,1575091866.7050679,5.0,72.13333333333334
1455,1575091929.2995288,5.0,72.0
1456,1575091991.892236,5.0,72.03333333333333
1457,1575092054.48389,5.0,72.0
1458,1575092117.075572,5.0,72.0
1459,1575092179.668743,5.0,72.06666666666666
1460,1575092242.260047,5.0,73.0
1461,1575092304.853219,5.0,73.0
1462,1575092367.44275,5.0,73.0
1463,1575092430.0326538,5.0,73.0
1464,1575092492.6245348,5.0,72.63333333333334
1465,1575092555.217892,5.0,72.0
1466,1575092617.808384,5.0,72.1
1467,1575092680.39489,5.0,72.5
1468,1575092742.989268,5.0,71.9
1469,1575092805.580245,5.0,72.0
1470,1575092868.1744711,5.0,72.0
1471,1575092930.766601,5.0,72.0
1472,1575092993.357249,5.0,72.0
1473,1575093055.949321,5.0,72.0
1474,1575093118.540973,5.0,72.0
1475,1575093181.1307461,5.0,72.5
1476,1575093243.722328,5.0,73.0
1477,1575093306.313129,5.0,73.36666666666666
1478,1575093368.9040859,5.0,73.0
1479,1575093431.4988232,5.0,73.0
1480,1575093494.090725,5.0,73.0
1481,1575093556.682985,5.0,73.0
1482,1575093619.277299,5.0,73.73333333333333
1483,1575093681.868709,5.0,74.0
1484,1575093744.460991,5.0,73.16666666666667
1485,1575093807.051442,5.0,73.0
1486,1575093869.64274,5.0,73.0
1487,1575093932.234641,5.0,73.0
1488,1575093994.8297632,5.0,73.0
1489,1575094057.421276,5.0,73.0
1490,1575094120.016616,5.0,72.1
1491,1575094182.6044788,5.0,72.0
1492,1575094245.1957679,5.0,72.23333333333333
1493,1575094307.787165,5.0,72.66666666666667
1494,1575094370.376268,5.0,73.0
1495,1575094432.968541,5.0,73.0
1496,1575094495.559182,5.0,72.0
1497,1575094558.148725,5.0,72.0
1498,1575094620.7379038,5.0,72.0
1499,1575094683.328638,5.0,72.36666666666666
1500,1575094745.919287,5.0,72.93333333333334
1501,1575094808.509334,5.0,72.16666666666667
1502,1575094871.099369,5.0,72.0
1503,1575094933.689722,5.0,72.26666666666667
1504,1575094996.2813811,5.0,73.0
1505,1575095058.872258,5.0,73.73333333333333
1506,1575095121.4649699,5.0,73.66666666666667
1507,1575095184.056571,4.866666666666666,72.93333333333334
1508,1575095246.6481779,4.0,73.0
1509,1575095309.238508,4.0,73.0
1510,1575095371.8301802,4.0,73.53333333333333
1511,1575095434.423774,4.0,74.5
1512,1575095497.015198,4.0,75.43333333333334
1513,1575095559.606407,4.0,75.13333333333334
1514,1575095622.197661,4.0,74.26666666666667
1515,1575095684.788171,4.0,74.0
1516,1575095747.380277,4.0,74.0
1517,1575095809.974125,4.0,73.33333333333333
1518,1575095872.566198,4.0,73.03333333333333
1519,1575095935.157708,4.0,73.03333333333333
1520,1575095997.751106,4.0,73.36666666666666
1521,1575096060.343507,4.0,74.0
1522,1575096122.933908,4.0,74.0
1523,1575096185.525467,4.0,74.0
1524,1575096248.120848,4.0,73.86666666666666
1525,1575096310.711626,4.0,73.2
1526,1575096373.304925,4.0,72.96666666666667
1527,1575096435.900229,4.0,72.13333333333334
1528,1575096498.49365,4.0,72.76666666666667
1529,1575096561.088168,4.0,72.86666666666666
1530,1575096623.682393,4.0,72.16666666666667
1531,1575096686.275619,4.0,72.0
1532,1575096748.865593,4.0,72.0
1533,1575096811.458724,4.0,72.0
1534,1575096874.051168,4.033333333333333,72.03333333333333
1535,1575096936.640949,4.0,72.56666666666666
1536,1575096999.233094,4.0,72.7
1537,1575097061.826501,4.0,72.03333333333333
1538,1575097124.417656,4.0,72.43333333333334
1539,1575097187.010771,4.0,73.0
1540,1575097249.607497,4.0,73.0
1541,1575097312.200187,4.0,73.0
1542,1575097374.7958221,4.0,73.0
1543,1575097437.388514,4.0,72.2
1544,1575097499.9812849,4.0,72.0
1545,1575097562.572686,4.0,72.13333333333334
1546,1575097625.164824,4.0,72.06666666666666
1547,1575097687.7575462,4.0,72.56666666666666
1548,1575097750.349271,4.0,72.7
1549,1575097812.942657,4.0,72.2
1550,1575097875.5369961,4.0,72.0
1551,1575097938.1293368,4.0,72.66666666666667
1552,1575098000.720212,4.0,73.0
1553,1575098063.3128312,4.0,72.53333333333333
1554,1575098125.905418,4.0,73.0
1555,1575098188.497616,4.0,73.0
1556,1575098251.735235,4.0,73.0
1557,1575098313.684079,4.0,72.3
1558,1575098376.277475,4.0,72.26666666666667
1559,1575098438.867575,4.0,73.0
1560,1575098501.460751,4.0,73.0
1561,1575098564.050148,4.0,73.4
1562,1575098626.640944,4.0,74.0
1563,1575098689.2280369,4.0,73.96666666666667
1564,1575098751.82008,4.0,74.0
1565,1575098814.409831,4.0,73.9
1566,1575098877.0007071,4.0,73.0
1567,1575098939.5961301,4.0,73.03333333333333
1568,1575099002.1850462,4.0,73.0
1569,1575099064.776806,4.0,73.0
1570,1575099127.3679368,4.0,72.0
1571,1575099189.9594948,4.0,72.06666666666666
1572,1575099252.55043,4.0,72.8
1573,1575099315.141803,4.0,72.5
1574,1575099377.733532,4.0,73.0
1575,1575099440.324168,4.0,72.96666666666667
1576,1575099502.915952,4.0,72.66666666666667
1577,1575099565.509885,4.0,72.7
1578,1575099628.102163,4.0,72.26666666666667
1579,1575099690.693034,4.0,72.0
1580,1575099753.284857,4.0,72.0
1581,1575099815.873142,4.0,72.0
1582,1575099878.467143,4.0,72.0
1583,1575099941.058953,4.0,72.13333333333334
1584,1575100003.647625,4.0,73.0
1585,1575100066.2393231,4.0,73.06666666666666
1586,1575100128.829841,4.0,73.0
1587,1575100191.420441,4.0,73.0
1588,1575100254.012825,4.0,73.0
1589,1575100316.6013849,4.0,73.0
1590,1575100379.191675,4.0,73.0
1591,1575100441.783396,4.0,73.0
1592,1575100504.375935,4.0,73.0
1593,1575100566.96698,4.0,73.3
1594,1575100629.556947,4.0,73.96666666666667
1595,1575100692.147336,4.0,73.13333333333334
1596,1575100754.739805,4.0,72.93333333333334
1597,1575100817.3316538,4.0,72.0
1598,1575100883.592183,4.0,72.0
1599,1575100942.507876,4.0,72.0
1600,1575101005.095703,4.0,72.0
1601,1575101067.687397,4.0,71.96666666666667
1602,1575101130.278556,4.0,71.73333333333333
1603,1575101192.866868,4.0,71.13333333333334
1604,1575101255.458857,4.0,72.0
1605,1575101318.049313,4.0,72.0
1606,1575101380.638094,4.0,72.0
1607,1575101443.229017,4.0,72.16666666666667
1608,1575101505.820592,4.0,72.43333333333334
1609,1575101568.413385,4.0,72.96666666666667
1610,1575101631.004347,4.0,72.03333333333333
1611,1575101693.592295,4.0,72.0
1612,1575101756.184576,4.0,72.0
1613,1575101818.779275,4.0,71.5
1614,1575101881.372431,4.0,72.0
1615,1575101943.963267,4.0,72.0
1616,1575102006.554268,4.0,72.06666666666666
1617,1575102069.146401,4.0,72.83333333333333
1618,1575102131.737984,4.0,73.0
1619,1575102194.329322,4.0,72.53333333333333
1620,1575102256.92115,4.0,72.0
1621,1575102319.5139449,4.0,72.0
1622,1575102382.108803,4.0,72.16666666666667
1623,1575102444.700555,4.0,72.13333333333334
1624,1575102507.290478,3.8666666666666667,72.76666666666667
1625,1575102569.876962,3.0,73.73333333333333
1626,1575102632.4645321,3.1,74.0
1627,1575102695.055824,3.8333333333333335,73.86666666666666
1628,1575102757.643529,3.966666666666667,73.06666666666666
1629,1575102820.229358,4.0,73.3
1630,1575102882.817159,4.0,73.0
1631,1575102945.40648,3.3,73.43333333333334
1632,1575103007.998791,3.0,74.0
1633,1575103070.589486,3.0,74.03333333333333
1634,1575103133.182171,3.0,74.0
1635,1575103195.772588,3.8,73.8
1636,1575103258.362761,4.0,73.03333333333333
1637,1575103320.952207,4.0,73.0
1638,1575103383.5428631,3.966666666666667,73.0
1639,1575103446.133043,3.933333333333333,73.0
1640,1575103508.722739,4.0,73.0
1641,1575103571.312421,4.0,73.0
1642,1575103633.90366,4.0,72.73333333333333
1643,1575103696.49391,4.0,72.03333333333333
1644,1575103759.0811892,3.466666666666667,73.0
1645,1575103821.6752179,3.1,73.23333333333333
1646,1575103884.2660038,3.933333333333333,73.06666666666666
1647,1575103946.8563778,4.0,73.0
1648,1575104009.44781,4.0,73.0
1649,1575104072.0390651,4.0,73.0
1650,1575104134.628791,3.966666666666667,73.0
1651,1575104197.2205038,4.0,73.06666666666666
1652,1575104259.8112972,4.0,73.9
1653,1575104322.401139,3.6333333333333333,73.5
1654,1575104384.992851,3.3666666666666667,74.0
1655,1575104447.583494,3.2333333333333334,74.0
1656,1575104510.175752,3.033333333333333,74.0
1657,1575104572.7713401,3.8333333333333335,74.0
1658,1575104635.364253,3.933333333333333,74.0
1659,1575104697.9555461,3.033333333333333,74.13333333333334
1660,1575104760.549253,3.0,74.4
1661,1575104823.145441,3.033333333333333,74.43333333333334
1662,1575104885.7410471,3.0,75.0
1663,1575104948.337523,3.433333333333333,74.1
1664,1575105010.930959,3.933333333333333,74.0
1665,1575105073.521467,4.0,74.0
1666,1575105136.110388,4.0,74.0
1667,1575105198.7020268,4.0,73.4
1668,1575105261.2937741,3.3666666666666667,74.0
1669,1575105323.886281,3.3666666666666667,74.0
1670,1575105386.4808052,4.0,74.0
1671,1575105449.069443,4.0,74.0
1672,1575105511.660662,4.0,74.0
1673,1575105574.251864,4.0,74.0
1674,1575105636.844047,3.933333333333333,74.0
1675,1575105699.435662,3.1666666666666665,74.8
1676,1575105762.0305538,3.1,74.0
1677,1575105824.625862,3.6666666666666665,74.0
1678,1575105887.218146,4.0,74.0
1679,1575105949.8088028,3.433333333333333,74.0
1680,1575106012.4007108,3.033333333333333,74.46666666666667
1681,1575106074.992515,3.0,75.0
1682,1575106137.587862,3.0,75.0
1683,1575106200.182793,3.0,75.0
1684,1575106262.778553,3.0,75.06666666666666
1685,1575106325.369987,3.0,76.0
1686,1575106387.965666,3.433333333333333,75.5
1687,1575106450.5574212,4.0,74.6
1688,1575106513.149198,3.566666666666667,74.4
1689,1575106575.74419,3.0,75.0
1690,1575106638.340679,3.1,75.0
1691,1575106700.937988,3.8666666666666667,74.3
1692,1575106763.5316288,4.0,73.93333333333334
1693,1575106826.123349,4.0,73.03333333333333
1694,1575106888.717005,4.0,73.0
1695,1575106951.306402,3.2666666666666666,73.36666666666666
1696,1575107013.898292,3.0,74.0
1697,1575107076.494416,3.0,74.0
1698,1575107139.08759,3.0,74.0
1699,1575107201.683067,3.2333333333333334,74.0
1700,1575107264.275759,3.1,74.0
1701,1575107326.8715641,3.0,74.0
1702,1575107389.463771,3.0,74.0
1703,1575107452.0596619,3.0,74.0
1704,1575107514.652284,3.0,74.0
1705,1575107577.2443821,3.0,74.0
1706,1575107639.844418,3.1,73.93333333333334
1707,1575107702.435294,3.8666666666666667,73.56666666666666
1708,1575107765.024018,3.8333333333333335,73.0
1709,1575107827.6155038,3.0,73.6
1710,1575107890.2099528,3.0,74.0
1711,1575107952.803119,3.0,74.0
1712,1575108015.398187,3.0,74.0
1713,1575108077.990419,3.0,73.96666666666667
1714,1575108140.586589,3.0,74.0
1715,1575108203.177771,3.0,73.66666666666667
1716,1575108265.770293,3.0,73.96666666666667
1717,1575108328.365052,3.0,74.23333333333333
1718,1575108390.9608731,3.066666666666667,73.63333333333334
1719,1575108453.553175,3.066666666666667,73.03333333333333
1720,1575108516.1484962,3.033333333333333,73.33333333333333
1721,1575108578.740603,3.0,73.9
1722,1575108641.3350651,3.0,73.13333333333334
1723,1575108703.927659,3.0,73.96666666666667
1724,1575108766.523469,3.0,74.53333333333333
1725,1575108829.118009,3.0,75.0
1726,1575108891.711146,3.0,76.3
1727,1575108954.306061,3.0,76.0
1728,1575109016.898154,3.0,75.46666666666667
1729,1575109079.493407,3.0,76.1
1730,1575109142.085055,3.0,76.0
1731,1575109204.681102,3.0,75.8
1732,1575109267.2756028,3.0,75.63333333333334
1733,1575109329.8685038,3.0,76.93333333333334
1734,1575109392.464575,3.0,76.26666666666667
1735,1575109455.0590632,3.0,76.83333333333333
1736,1575109517.654983,3.0,76.93333333333334
1737,1575109580.250517,3.0,76.03333333333333
1738,1575109642.842444,3.0,75.93333333333334
1739,1575109705.437237,3.0,75.06666666666666
1740,1575109768.0329869,3.0,75.06666666666666
1741,1575109830.62909,3.0,76.0
1742,1575109893.224665,3.0,76.0
1743,1575109955.81659,3.0,76.03333333333333
1744,1575110018.409436,3.0,76.0
1745,1575110081.003282,3.0,76.0
1746,1575110143.599,3.0,75.76666666666667
1747,1575110206.192236,3.0,75.4
1748,1575110268.786651,3.0,75.36666666666666
1749,1575110331.3818312,3.2666666666666666,75.76666666666667
1750,1575110393.974967,4.0,74.4
1751,1575110456.569754,4.0,74.0
1752,1575110519.1572552,4.0,74.0
1753,1575110581.749084,4.0,74.2
1754,1575110644.3414009,4.0,74.03333333333333
1755,1575110706.93081,4.0,74.03333333333333
1756,1575110769.5163789,4.0,74.0
1757,1575110832.102716,4.0,74.63333333333334
1758,1575110894.689761,4.0,75.0
1759,1575110957.2743,3.966666666666667,75.0
1760,1575111019.865955,3.7,75.5
1761,1575111082.4549608,3.9,75.46666666666667
1762,1575111145.039517,3.7,75.33333333333333
1763,1575111207.6294,3.1666666666666665,76.0
1764,1575111270.2189732,3.8666666666666667,76.0
1765,1575111332.803935,3.8666666666666667,76.0
1766,1575111395.389874,3.8666666666666667,76.0
1767,1575111457.977931,4.0,75.5
1768,1575111520.564504,4.0,75.23333333333333
1769,1575111583.153959,3.966666666666667,76.0
1770,1575111645.740675,4.0,76.0
1771,1575111708.326797,4.0,76.0
1772,1575111770.916404,3.7333333333333334,76.0
1773,1575111833.503244,4.0,76.0
1774,1575111896.089429,4.0,76.0
1775,1575111958.676569,3.7333333333333334,76.96666666666667
1776,1575112021.266187,3.6333333333333333,77.0
1777,1575112083.856618,3.2333333333333334,77.0
1778,1575112146.448092,3.1666666666666665,77.23333333333333
1779,1575112209.042232,3.0,78.0
1780,1575112271.634165,3.3666666666666667,77.8
1781,1575112334.2280688,4.0,77.0
1782,1575112396.815114,3.4,77.6
1783,1575112459.405869,3.3333333333333335,78.0
1784,1575112522.000761,3.033333333333333,78.0
1785,1575112584.591536,3.066666666666667,78.0
1786,1575112647.186091,3.033333333333333,78.0
1787,1575112709.780534,3.0,78.0
1788,1575112772.3737571,3.066666666666667,78.06666666666666
1789,1575112834.968709,3.5,78.06666666666666
1790,1575112897.561175,3.2333333333333334,78.13333333333334
1791,1575112960.153856,3.1666666666666665,78.93333333333334
1792,1575113022.753072,3.8,78.53333333333333
1793,1575113085.344269,4.0,78.0
1794,1575113147.933681,4.0,78.1
1795,1575113210.5240982,4.0,78.0
1796,1575113273.116197,4.0,78.0
1797,1575113335.7075179,4.0,77.76666666666667
1798,1575113398.298667,4.0,77.0
1799,1575113460.888582,4.0,77.0
1800,1575113523.4827368,4.0,77.0
1801,1575113586.073509,4.0,76.9
1802,1575113648.668752,4.0,76.06666666666666
1803,1575113711.26025,4.0,76.0
1804,1575113773.852488,4.0,75.36666666666666
1805,1575113836.4440188,4.0,75.0
1806,1575113899.038276,4.0,75.5
1807,1575113961.629415,4.0,76.0
1808,1575114024.220535,4.0,76.0
1809,1575114086.8119268,4.0,75.23333333333333
1810,1575114149.404551,4.0,75.0
1811,1575114211.998917,4.0,75.0
1812,1575114274.59035,4.0,74.8
1813,1575114337.184534,4.0,74.1
1814,1575114399.777389,4.0,73.9
1815,1575114462.367656,4.0,74.13333333333334
1816,1575114524.959766,4.0,74.0
1817,1575114587.553615,4.0,74.0
1818,1575114650.1455731,4.0,74.13333333333334
1819,1575114712.740163,4.0,74.7
1820,1575114775.332403,4.0,74.0
1821,1575114837.927366,4.0,74.0
1822,1575114900.523946,4.0,73.66666666666667
1823,1575114963.118934,4.0,73.0
1824,1575115025.713398,4.0,73.4
1825,1575115088.306114,4.0,74.0
1826,1575115150.902118,4.0,74.43333333333334
1827,1575115213.495958,4.0,74.5
1828,1575115276.08995,4.0,74.76666666666667
1829,1575115338.685242,4.0,74.0
1830,1575115401.2792141,4.0,74.0
1831,1575115463.875033,4.0,74.0
1832,1575115526.4666631,4.0,74.0
1833,1575115589.059621,4.0,74.0
1834,1575115651.655955,4.0,73.46666666666667
1835,1575115714.248322,4.0,73.6
1836,1575115776.839909,4.0,74.23333333333333
1837,1575115839.433143,4.033333333333333,74.76666666666667
1838,1575115902.028867,4.0,75.0
1839,1575115964.623938,4.466666666666667,75.7
1840,1575116027.217104,5.0,76.0
1841,1575116089.812113,5.0,76.0
1842,1575116152.4046302,5.0,76.0
1843,1575116214.999073,5.0,76.5
1844,1575116277.592122,5.0,76.2
1845,1575116340.191525,5.0,76.0
1846,1575116402.7793882,5.0,76.0
1847,1575116465.374046,5.0,76.0
1848,1575116527.97031,5.0,76.0
1849,1575116590.5672169,5.0,76.0
1850,1575116653.1616259,5.0,76.0
1851,1575116715.757796,5.0,76.0
1852,1575116778.349915,5.0,75.73333333333333
1853,1575116840.944758,5.0,75.56666666666666
1854,1575116903.54166,5.0,76.0
1855,1575116966.133146,5.6,75.23333333333333
1856,1575117028.727576,6.0,75.0
1857,1575117091.3199859,5.966666666666667,75.0
1858,1575117153.914856,6.0,75.0
1859,1575117216.5061948,5.466666666666667,75.13333333333334
1860,1575117279.10182,5.0,76.0
1861,1575117341.693491,5.5,75.66666666666667
1862,1575117404.289118,6.0,75.0
1863,1575117466.884275,6.0,75.0
1864,1575117529.4766788,6.0,75.0
1865,1575117592.072341,6.0,74.76666666666667
1866,1575117654.6674151,6.0,74.83333333333333
1867,1575117717.2631679,6.0,75.0
1868,1575117779.858521,6.0,75.0
1869,1575117842.454162,6.0,75.0
1870,1575117905.052813,6.0,74.03333333333333
1871,1575117967.648627,6.0,74.6
1872,1575118030.244764,6.0,75.0
1873,1575118092.8448641,6.0,75.0
1874,1575118155.440674,6.0,75.0
1875,1575118218.036817,6.0,75.0
1876,1575118280.631449,6.0,75.0
1877,1575118343.227486,6.0,75.0
1878,1575118405.82392,6.0,75.0
1879,1575118468.42205,6.033333333333333,75.0
1880,1575118531.017822,6.0,75.0
1881,1575118593.613307,6.033333333333333,75.0
1882,1575118656.20985,6.2,75.0
1883,1575118718.806981,6.0,75.0
1884,1575118781.405863,6.4,75.0
1885,1575118844.000621,6.033333333333333,75.0
1886,1575118906.593858,6.066666666666666,75.0
1887,1575118969.1852472,6.2,75.0
1888,1575119031.7796462,6.9,75.0
1889,1575119094.367984,7.0,75.0
1890,1575119156.96284,7.0,75.0
1891,1575119219.552176,6.933333333333334,75.0
1892,1575119282.1444821,6.533333333333333,75.0
1893,1575119344.7380571,6.666666666666667,75.0
1894,1575119407.331291,6.033333333333333,75.73333333333333
1895,1575119469.9231179,6.733333333333333,75.4
1896,1575119532.517776,7.0,75.0
1897,1575119595.111346,7.0,75.0
1898,1575119657.704659,6.766666666666667,75.0
1899,1575119720.298501,7.0,75.0
1900,1575119782.896437,7.0,75.0
1901,1575119847.03143,7.0,74.9
1902,1575119908.084703,7.0,75.0
1903,1575119970.6795,7.0,75.0
1904,1575120033.2742882,7.0,75.0
1905,1575120095.871241,6.966666666666667,75.0
1906,1575120158.462148,6.866666666666666,75.4
1907,1575120221.056255,6.0,76.0
1908,1575120283.6508029,6.566666666666666,76.0
1909,1575120346.2455812,6.633333333333334,76.0
1910,1575120408.83914,6.966666666666667,76.0
1911,1575120471.433652,6.966666666666667,75.9
1912,1575120534.024738,7.0,75.66666666666667
1913,1575120596.61957,6.966666666666667,76.0
1914,1575120659.214119,6.9,76.0
1915,1575120721.8058631,6.9,76.0
1916,1575120784.3995519,6.866666666666666,76.0
1917,1575120846.9942,7.0,76.0
1918,1575120909.585094,7.0,76.0
1919,1575120972.179136,7.0,76.0
1920,1575121034.773228,7.0,75.66666666666667
1921,1575121097.365454,7.0,75.0
1922,1575121159.963917,7.0,75.0
1923,1575121222.557509,7.0,75.0
1924,1575121285.1531029,7.0,75.0
1925,1575121347.7480462,7.0,75.0
1926,1575121410.342505,7.0,75.0
1927,1575121472.937966,7.0,75.43333333333334
1928,1575121535.532636,7.0,76.0
1929,1575121598.123483,7.0,76.0
1930,1575121660.718055,7.0,76.0
1931,1575121723.3127801,7.0,76.0
1932,1575121785.903299,7.0,76.0
1933,1575121848.497776,6.933333333333334,76.0
1934,1575121911.0931199,7.0,75.93333333333334
1935,1575121973.6899369,7.0,75.2
1936,1575122036.29964,7.0,75.0
1937,1575122098.9060972,7.0,75.0
1938,1575122161.511132,7.0,75.0
1939,1575122224.116133,7.0,75.0
1940,1575122286.71891,7.0,75.0
1941,1575122349.3216538,7.0,75.0
1942,1575122411.92186,7.0,75.0
1943,1575122474.524791,7.0,75.0
1944,1575122537.1244268,7.0,75.0
1945,1575122599.725734,7.0,75.0
1946,1575122662.325775,7.0,75.0
1947,1575122724.926225,7.0,75.0
1948,1575122787.523981,7.0,75.0
1949,1575122850.125692,7.0,75.0
1950,1575122912.726603,7.0,75.0
1951,1575122975.32421,7.0,75.0
1952,1575123037.916519,7.0,75.03333333333333
1953,1575123100.511564,7.0,75.1
1954,1575123163.104134,7.0,75.0
1955,1575123225.7010221,7.0,75.0
1956,1575123288.2939222,7.0,75.0
1957,1575123350.8918788,7.0,75.0
1958,1575123413.4860241,7.0,75.0
1959,1575123476.0846071,7.0,75.0
1960,1575123538.679166,7.0,75.0
1961,1575123601.273908,7.0,75.0
1962,1575123663.871956,7.0,74.63333333333334
1963,1575123726.471325,7.0,74.0
1964,1575123789.07125,7.0,74.03333333333333
1965,1575123851.6652071,7.0,74.03333333333333
1966,1575123914.264943,7.0,74.0
1967,1575123976.861447,7.0,74.0
1968,1575124039.460495,7.0,73.7
1969,1575124102.05714,7.0,73.36666666666666
1970,1575124164.656375,7.0,73.96666666666667
1971,1575124227.256216,7.0,73.9
1972,1575124289.852784,7.0,73.2
1973,1575124352.452283,7.0,73.0
1974,1575124415.049027,7.0,73.0
1975,1575124477.64462,7.0,73.0
1976,1575124540.244659,7.0,73.2
1977,1575124602.8405619,7.0,73.76666666666667
1978,1575124665.4405231,7.0,73.63333333333334
1979,1575124728.0373812,7.0,73.76666666666667
1980,1575124790.637251,7.0,73.03333333333333
1981,1575124853.236958,7.0,73.0
1982,1575124915.837004,7.0,73.0
1983,1575124978.437732,7.0,73.0
1984,1575125041.032134,7.0,73.0
1985,1575125103.630892,7.0,73.0
1986,1575125166.2263222,7.0,73.0
1987,1575125228.822714,7.066666666666666,72.96666666666667
1988,1575125291.4189231,7.1,72.96666666666667
1989,1575125354.01632,7.0,73.0
1990,1575125416.613129,7.0,73.0
1991,1575125479.20966,7.0,73.0
1992,1575125541.804815,7.0,73.0
1993,1575125604.4009051,7.0,73.0
1994,1575125666.99844,7.0,73.0
1995,1575125729.594034,7.033333333333333,72.86666666666666
1996,1575125792.189566,7.033333333333333,72.7
1997,1575125854.786923,7.0,73.0
1998,1575125917.387878,7.0,73.0
1999,1575125979.9840631,7.0,73.0
2000,1575126042.584118,7.0,73.0
2001,1575126105.179817,7.0,73.03333333333333
2002,1575126167.7802188,7.0,73.9
2003,1575126230.377553,7.0,73.96666666666667
2004,1575126292.9781241,7.0,73.36666666666666
2005,1575126355.573649,7.0,73.06666666666666
2006,1575126418.173281,7.0,73.8
2007,1575126480.7711651,7.0,73.46666666666667
2008,1575126543.370103,7.0,73.16666666666667
2009,1575126605.968232,7.0,74.0
2010,1575126668.5671618,7.0,73.43333333333334
2011,1575126731.167398,7.0,73.0
2012,1575126793.764392,7.0,73.0
2013,1575126856.364969,7.0,73.0
2014,1575126918.964937,7.0,73.0
2015,1575126981.561767,7.0,73.0
2016,1575127044.161099,7.0,73.0
2017,1575127106.758544,7.0,73.0
2018,1575127169.35422,7.0,72.53333333333333
2019,1575127231.951233,7.0,72.0
2020,1575127294.544528,7.0,72.0
2021,1575127357.140574,7.0,72.0
2022,1575127419.736331,7.0,72.0
2023,1575127482.333017,7.0,71.56666666666666
2024,1575127544.930384,7.233333333333333,71.0
2025,1575127607.529302,7.133333333333334,71.0
2026,1575127670.130259,7.0,71.2
2027,1575127732.726158,7.0,71.43333333333334
2028,1575127795.322348,7.0,71.3
2029,1575127857.9194949,7.0,71.86666666666666
2030,1575127920.5160382,7.0,72.0
2031,1575127983.1126359,7.0,72.0
2032,1575128045.707999,7.0,72.0
2033,1575128108.304569,7.033333333333333,72.0
2034,1575128170.90114,7.033333333333333,72.0
2035,1575128233.493875,7.0,71.93333333333334
2036,1575128296.0893779,7.0,71.96666666666667
2037,1575128358.686403,7.0,72.0
2038,1575128421.281874,7.0,72.0
2039,1575128483.879323,7.0,72.0
2040,1575128546.474792,7.0,72.0
2041,1575128609.070964,7.0,72.03333333333333
2042,1575128671.6681151,7.0,72.9
2043,1575128734.264542,7.0,73.0
2044,1575128796.865185,7.0,73.0
2045,1575128859.461293,7.0,73.0
2046,1575128922.057961,7.0,73.0
2047,1575128984.6573179,7.0,73.0
2048,1575129047.253947,7.0,73.0
2049,1575129109.8540711,7.0,73.0
2050,1575129172.440202,7.0,73.0
2051,1575129235.026887,7.0,73.0
2052,1575129297.615149,7.0,73.0
2053,1575129360.203883,7.0,73.0
2054,1575129422.795659,7.0,73.0
2055,1575129485.38518,7.0,73.7
2056,1575129547.9763598,7.0,73.93333333333334
2057,1575129610.566464,7.0,74.0
2058,1575129673.15804,7.0,74.0
2059,1575129735.749964,7.0,74.0
2060,1575129798.344812,7.0,74.0
2061,1575129860.933925,7.0,74.0
2062,1575129923.529877,7.0,74.0
2063,1575129986.123023,7.0,74.0
2064,1575130048.717653,7.0,74.0
2065,1575130111.310331,7.0,74.0
2066,1575130173.904552,7.0,74.0
2067,1575130236.50116,7.0,74.0
2068,1575130299.094788,7.0,74.0
2069,1575130361.689799,7.0,74.0
2070,1575130424.283689,7.0,74.0
2071,1575130486.877789,7.0,73.73333333333333
2072,1575130549.4726028,7.0,73.26666666666667
2073,1575130612.067605,7.0,73.36666666666666
2074,1575130674.6633599,7.0,73.06666666666666
2075,1575130737.2560189,7.0,73.0
2076,1575130799.850468,7.0,73.1
2077,1575130862.446177,7.0,73.06666666666666
2078,1575130925.04061,7.0,73.0
2079,1575130987.634222,7.0,73.0
2080,1575131050.22552,7.0,73.0
2081,1575131112.8198268,7.0,73.0
2082,1575131175.411514,7.0,73.0
2083,1575131238.009445,7.0,73.06666666666666
2084,1575131300.607521,7.0,73.0
2085,1575131363.200249,7.1,73.0
2086,1575131425.7977881,7.166666666666667,73.0
2087,1575131488.394542,7.0,73.0
2088,1575131550.991566,7.1,73.0
2089,1575131613.5876231,7.066666666666666,72.96666666666667
2090,1575131676.184268,7.033333333333333,72.73333333333333
2091,1575131738.779781,7.0,72.8
2092,1575131801.3766801,7.066666666666666,73.0
2093,1575131863.972993,7.6,72.86666666666666
2094,1575131926.565119,8.0,72.0
2095,1575131989.152364,8.0,72.0
2096,1575132051.743499,7.933333333333334,72.0
2097,1575132114.331119,7.966666666666667,72.0
2098,1575132176.919003,8.0,72.0
2099,1575132239.506793,8.0,71.7
2100,1575132302.0983222,8.0,71.43333333333334
2101,1575132364.686023,7.766666666666667,72.0
2102,1575132427.277752,7.9,72.0
2103,1575132489.864948,7.933333333333334,72.0
2104,1575132552.452513,8.0,71.63333333333334
2105,1575132615.040083,8.0,71.0
2106,1575132677.631007,8.0,71.0
2107,1575132740.22226,7.533333333333333,71.13333333333334
2108,1575132802.818351,7.6,71.26666666666667
2109,1575132865.4134471,8.0,71.5
2110,1575132928.004791,7.933333333333334,71.03333333333333
2111,1575132990.596364,7.433333333333334,71.7
2112,1575133053.1881368,7.533333333333333,71.73333333333333
2113,1575133115.7800732,7.666666666666667,71.03333333333333
2114,1575133178.375766,7.466666666666667,71.76666666666667
2115,1575133240.967308,7.133333333333334,71.63333333333334
2116,1575133303.56413,7.0,72.0
2117,1575133366.160222,7.1,72.0
2118,1575133428.754664,7.033333333333333,72.0
2119,1575133491.350353,7.0,72.0
2120,1575133553.943321,7.033333333333333,72.0
2121,1575133616.536294,7.0,72.0
2122,1575133679.132065,7.0,72.0
2123,1575133741.724812,7.533333333333333,71.9
2124,1575133804.317146,8.0,71.03333333333333
2125,1575133866.9094641,8.0,71.0
2126,1575133929.501741,7.933333333333334,71.0
2127,1575133992.097865,8.0,71.0
2128,1575134054.6902401,8.0,71.0
2129,1575134117.281822,8.0,71.0
2130,1575134179.873679,8.0,70.76666666666667
2131,1575134242.468976,8.0,71.0
2132,1575134305.0607462,8.0,71.0
2133,1575134367.651619,8.0,71.0
2134,1575134430.244744,8.0,71.0
2135,1575134492.835777,8.0,70.26666666666667
2136,1575134555.42726,8.0,70.56666666666666
2137,1575134618.019502,8.0,70.26666666666667
2138,1575134680.607067,8.0,70.0
2139,1575134743.198778,8.0,70.0
2140,1575134805.791114,8.0,70.0
2141,1575134868.385075,8.0,70.0
2142,1575134930.976638,8.0,70.0
2143,1575134993.568757,8.0,70.03333333333333
2144,1575135056.1606688,8.0,70.0
2145,1575135118.7526429,8.0,70.0
2146,1575135181.343909,8.0,70.0
2147,1575135243.9352381,8.0,70.0
2148,1575135306.528043,8.0,70.0
2149,1575135369.120177,8.0,69.86666666666666
2150,1575135431.712507,8.0,69.0
